Type,id,edges--elec_edge--integer_decisions,edges--elec_edge--constraints--MinFlowConstraint,edges--elec_edge--constraints--MinDownTimeConstraint,edges--elec_edge--constraints--CapacityConstraint,edges--elec_edge--constraints--MinUpTimeConstraint,edges--elec_edge--constraints--RampingLimitConstraint,edges--elec_edge--unidirectional,edges--elec_edge--commodity,edges--elec_edge--uc,edges--elec_edge--has_capacity,edges--fuel_edge--unidirectional,edges--fuel_edge--commodity,edges--fuel_edge--has_capacity,edges--co2_edge--end_vertex,edges--co2_edge--unidirectional,edges--co2_edge--commodity,edges--co2_edge--has_capacity,transforms--constraints--BalanceConstraint,transforms--timedata,edges--elec_edge--can_retire,edges--elec_edge--can_expand,edges--elec_edge--capacity_size,edges--elec_edge--existing_capacity,transforms--fuel_consumption,transforms--emission_rate,edges--elec_edge--min_down_time,edges--elec_edge--min_up_time,edges--elec_edge--ramp_down_fraction,edges--elec_edge--ramp_up_fraction,edges--elec_edge--min_flow_fraction,edges--elec_edge--end_vertex,edges--elec_edge--fixed_om_cost,edges--elec_edge--variable_om_cost,edges--elec_edge--investment_cost,edges--elec_edge--startup_fuel_consumption,edges--elec_edge--startup_cost,edges--fuel_edge--start_vertex
ThermalPower,Region1Beijing_300MW_sub,FALSE,TRUE,TRUE,TRUE,TRUE,TRUE,TRUE,Electricity,TRUE,TRUE,TRUE,Coal,FALSE,co2_sink,TRUE,CO2,FALSE,TRUE,Coal,TRUE,TRUE,200,0,0.303560969,0.345871711,12,12,0.6,0.6,0.5,elec_Region1Beijing,18154.51148,4.422693955,55677.52873,150.3704823,0.5,coal_Region1Beijing
ThermalPower,Region2Tianjin_300MW_sub,FALSE,TRUE,TRUE,TRUE,TRUE,TRUE,TRUE,Electricity,TRUE,TRUE,TRUE,Coal,FALSE,co2_sink,TRUE,CO2,FALSE,TRUE,Coal,TRUE,TRUE,200,800,0.313688072,0.343259997,12,12,0.6,0.6,0.5,elec_Region2Tianjin,18154.51148,4.422693955,55677.52873,150.3704823,0.5,coal_Region2Tianjin
ThermalPower,Region3Hebei_300MW_sub,FALSE,TRUE,TRUE,TRUE,TRUE,TRUE,TRUE,Electricity,TRUE,TRUE,TRUE,Coal,FALSE,co2_sink,TRUE,CO2,FALSE,TRUE,Coal,TRUE,TRUE,200,13000,0.312530551,0.343646664,12,12,0.6,0.6,0.5,elec_Region3Hebei,18154.51148,4.422693955,55677.52873,150.3704823,0.5,coal_Region3Hebei
ThermalPower,Region4Shanxi_300MW_sub,FALSE,TRUE,TRUE,TRUE,TRUE,TRUE,TRUE,Electricity,TRUE,TRUE,TRUE,Coal,FALSE,co2_sink,TRUE,CO2,FALSE,TRUE,Coal,TRUE,TRUE,200,16075,0.308424297,0.343065597,12,12,0.6,0.6,0.5,elec_Region4Shanxi,18154.51148,4.422693955,55677.52873,150.3704823,0.5,coal_Region4Shanxi
ThermalPower,Region5Innermongolia_300MW_sub,FALSE,TRUE,TRUE,TRUE,TRUE,TRUE,TRUE,Electricity,TRUE,TRUE,TRUE,Coal,FALSE,co2_sink,TRUE,CO2,FALSE,TRUE,Coal,TRUE,TRUE,200,23170,0.30554033,0.346059997,12,12,0.6,0.6,0.5,elec_Region5Innermongolia,18154.51148,4.422693955,55677.52873,150.3704823,0.5,coal_Region5Innermongolia
ThermalPower,Region6Liaoning_300MW_sub,FALSE,TRUE,TRUE,TRUE,TRUE,TRUE,TRUE,Electricity,TRUE,TRUE,TRUE,Coal,FALSE,co2_sink,TRUE,CO2,FALSE,TRUE,Coal,TRUE,TRUE,200,0,0.338143854,0.345738459,12,12,0.6,0.6,0.5,elec_Region6Liaoning,18154.51148,4.422693955,55677.52873,150.3704823,0.5,coal_Region6Liaoning
ThermalPower,Region7Jilin_300MW_sub,FALSE,TRUE,TRUE,TRUE,TRUE,TRUE,TRUE,Electricity,TRUE,TRUE,TRUE,Coal,FALSE,co2_sink,TRUE,CO2,FALSE,TRUE,Coal,TRUE,TRUE,200,34950,0.338422134,0.347440906,12,12,0.6,0.6,0.5,elec_Region7Jilin,18154.51148,4.422693955,55677.52873,150.3704823,0.5,coal_Region7Jilin
ThermalPower,Region8Heilongjiang_300MW_sub,FALSE,TRUE,TRUE,TRUE,TRUE,TRUE,TRUE,Electricity,TRUE,TRUE,TRUE,Coal,FALSE,co2_sink,TRUE,CO2,FALSE,TRUE,Coal,TRUE,TRUE,200,15400,0.365195362,0.346706664,12,12,0.6,0.6,0.5,elec_Region8Heilongjiang,18154.51148,4.422693955,55677.52873,150.3704823,0.5,coal_Region8Heilongjiang
ThermalPower,Region9Shanghai_300MW_sub,FALSE,TRUE,TRUE,TRUE,TRUE,TRUE,TRUE,Electricity,TRUE,TRUE,TRUE,Coal,FALSE,co2_sink,TRUE,CO2,FALSE,TRUE,Coal,TRUE,TRUE,200,700,0.374993626,0.344159997,12,12,0.6,0.6,0.5,elec_Region9Shanghai,18154.51148,4.422693955,55677.52873,150.3704823,0.5,coal_Region9Shanghai
ThermalPower,Region10Jiangsu_300MW_sub,FALSE,TRUE,TRUE,TRUE,TRUE,TRUE,TRUE,Electricity,TRUE,TRUE,TRUE,Coal,FALSE,co2_sink,TRUE,CO2,FALSE,TRUE,Coal,TRUE,TRUE,200,1920,0.367603209,0.343514714,12,12,0.6,0.6,0.5,elec_Region10Jiangsu,18154.51148,4.422693955,55677.52873,150.3704823,0.5,coal_Region10Jiangsu
ThermalPower,Region11Zhejiang_300MW_sub,FALSE,TRUE,TRUE,TRUE,TRUE,TRUE,TRUE,Electricity,TRUE,TRUE,TRUE,Coal,FALSE,co2_sink,TRUE,CO2,FALSE,TRUE,Coal,TRUE,TRUE,200,6600,0.397816299,0.342221536,12,12,0.6,0.6,0.5,elec_Region11Zhejiang,18154.51148,4.422693955,55677.52873,150.3704823,0.5,coal_Region11Zhejiang
ThermalPower,Region12Anhui_300MW_sub,FALSE,TRUE,TRUE,TRUE,TRUE,TRUE,TRUE,Electricity,TRUE,TRUE,TRUE,Coal,FALSE,co2_sink,TRUE,CO2,FALSE,TRUE,Coal,TRUE,TRUE,200,39100,0.410881688,0.344823155,12,12,0.6,0.6,0.5,elec_Region12Anhui,18154.51148,4.422693955,55677.52873,150.3704823,0.5,coal_Region12Anhui
ThermalPower,Region13Fujian_300MW_sub,FALSE,TRUE,TRUE,TRUE,TRUE,TRUE,TRUE,Electricity,TRUE,TRUE,TRUE,Coal,FALSE,co2_sink,TRUE,CO2,FALSE,TRUE,Coal,TRUE,TRUE,200,4095,0.31949711,0.346041815,12,12,0.6,0.6,0.5,elec_Region13Fujian,18154.51148,4.422693955,55677.52873,150.3704823,0.5,coal_Region13Fujian
ThermalPower,Region14Jiangxi_300MW_sub,FALSE,TRUE,TRUE,TRUE,TRUE,TRUE,TRUE,Electricity,TRUE,TRUE,TRUE,Coal,FALSE,co2_sink,TRUE,CO2,FALSE,TRUE,Coal,TRUE,TRUE,200,1905,0.30396131,0.345383997,12,12,0.6,0.6,0.5,elec_Region14Jiangxi,18154.51148,4.422693955,55677.52873,150.3704823,0.5,coal_Region14Jiangxi
ThermalPower,Region15Shandong_300MW_sub,FALSE,TRUE,TRUE,TRUE,TRUE,TRUE,TRUE,Electricity,TRUE,TRUE,TRUE,Coal,FALSE,co2_sink,TRUE,CO2,FALSE,TRUE,Coal,TRUE,TRUE,200,15010,0.297916046,0.345709409,12,12,0.6,0.6,0.5,elec_Region15Shandong,18154.51148,4.422693955,55677.52873,150.3704823,0.5,coal_Region15Shandong
ThermalPower,Region16Henan_300MW_sub,FALSE,TRUE,TRUE,TRUE,TRUE,TRUE,TRUE,Electricity,TRUE,TRUE,TRUE,Coal,FALSE,co2_sink,TRUE,CO2,FALSE,TRUE,Coal,TRUE,TRUE,200,8940,0.304111786,0.345071487,12,12,0.6,0.6,0.5,elec_Region16Henan,18154.51148,4.422693955,55677.52873,150.3704823,0.5,coal_Region16Henan
ThermalPower,Region17Hubei_300MW_sub,FALSE,TRUE,TRUE,TRUE,TRUE,TRUE,TRUE,Electricity,TRUE,TRUE,TRUE,Coal,FALSE,co2_sink,TRUE,CO2,FALSE,TRUE,Coal,TRUE,TRUE,200,1043,0.288509096,0.346418179,12,12,0.6,0.6,0.5,elec_Region17Hubei,18154.51148,4.422693955,55677.52873,150.3704823,0.5,coal_Region17Hubei
ThermalPower,Region18Hunan_300MW_sub,FALSE,TRUE,TRUE,TRUE,TRUE,TRUE,TRUE,Electricity,TRUE,TRUE,TRUE,Coal,FALSE,co2_sink,TRUE,CO2,FALSE,TRUE,Coal,TRUE,TRUE,200,3760,0.312853795,0.352295997,12,12,0.6,0.6,0.5,elec_Region18Hunan,18154.51148,4.422693955,55677.52873,150.3704823,0.5,coal_Region18Hunan
ThermalPower,Region19Guangdong_300MW_sub,FALSE,TRUE,TRUE,TRUE,TRUE,TRUE,TRUE,Electricity,TRUE,TRUE,TRUE,Coal,FALSE,co2_sink,TRUE,CO2,FALSE,TRUE,Coal,TRUE,TRUE,200,7490,0.302882533,0.347215132,12,12,0.6,0.6,0.5,elec_Region19Guangdong,18154.51148,4.422693955,55677.52873,150.3704823,0.5,coal_Region19Guangdong
ThermalPower,Region20Guangxi_300MW_sub,FALSE,TRUE,TRUE,TRUE,TRUE,TRUE,TRUE,Electricity,TRUE,TRUE,TRUE,Coal,FALSE,co2_sink,TRUE,CO2,FALSE,TRUE,Coal,TRUE,TRUE,200,3035,0.306336008,0.350279997,12,12,0.6,0.6,0.5,elec_Region20Guangxi,18154.51148,4.422693955,55677.52873,150.3704823,0.5,coal_Region20Guangxi
ThermalPower,Region21Hainan_300MW_sub,FALSE,TRUE,TRUE,TRUE,TRUE,TRUE,TRUE,Electricity,TRUE,TRUE,TRUE,Coal,FALSE,co2_sink,TRUE,CO2,FALSE,TRUE,Coal,TRUE,TRUE,200,300,0.280078635,0.345959997,12,12,0.6,0.6,0.5,elec_Region21Hainan,18154.51148,4.422693955,55677.52873,150.3704823,0.5,coal_Region21Hainan
ThermalPower,Region22Chongqing_300MW_sub,FALSE,TRUE,TRUE,TRUE,TRUE,TRUE,TRUE,Electricity,TRUE,TRUE,TRUE,Coal,FALSE,co2_sink,TRUE,CO2,FALSE,TRUE,Coal,TRUE,TRUE,200,2884,0.311905753,0.346199997,12,12,0.6,0.6,0.5,elec_Region22Chongqing,18154.51148,4.422693955,55677.52873,150.3704823,0.5,coal_Region22Chongqing
ThermalPower,Region23Sichuan_300MW_sub,FALSE,TRUE,TRUE,TRUE,TRUE,TRUE,TRUE,Electricity,TRUE,TRUE,TRUE,Coal,FALSE,co2_sink,TRUE,CO2,FALSE,TRUE,Coal,TRUE,TRUE,200,3565,0.31452681,0.346631997,12,12,0.6,0.6,0.5,elec_Region23Sichuan,18154.51148,4.422693955,55677.52873,150.3704823,0.5,coal_Region23Sichuan
ThermalPower,Region24Guizhou_300MW_sub,FALSE,TRUE,TRUE,TRUE,TRUE,TRUE,TRUE,Electricity,TRUE,TRUE,TRUE,Coal,FALSE,co2_sink,TRUE,CO2,FALSE,TRUE,Coal,TRUE,TRUE,200,10600,0.314010133,0.349726151,12,12,0.6,0.6,0.5,elec_Region24Guizhou,18154.51148,4.422693955,55677.52873,150.3704823,0.5,coal_Region24Guizhou
ThermalPower,Region25Yunnan_300MW_sub,FALSE,TRUE,TRUE,TRUE,TRUE,TRUE,TRUE,Electricity,TRUE,TRUE,TRUE,Coal,FALSE,co2_sink,TRUE,CO2,FALSE,TRUE,Coal,TRUE,TRUE,200,5200,0.312300071,0.351799997,12,12,0.6,0.6,0.5,elec_Region25Yunnan,18154.51148,4.422693955,55677.52873,150.3704823,0.5,coal_Region25Yunnan
ThermalPower,Region26Tibet_300MW_sub,FALSE,TRUE,TRUE,TRUE,TRUE,TRUE,TRUE,Electricity,TRUE,TRUE,TRUE,Coal,FALSE,co2_sink,TRUE,CO2,FALSE,TRUE,Coal,TRUE,TRUE,200,0,0.303560969,0.345871711,12,12,0.6,0.6,0.5,elec_Region26Tibet,18154.51148,4.422693955,55677.52873,150.3704823,0.5,coal_Region26Tibet
ThermalPower,Region27Shaanxi_300MW_sub,FALSE,TRUE,TRUE,TRUE,TRUE,TRUE,TRUE,Electricity,TRUE,TRUE,TRUE,Coal,FALSE,co2_sink,TRUE,CO2,FALSE,TRUE,Coal,TRUE,TRUE,200,7480,0.312551521,0.341214543,12,12,0.6,0.6,0.5,elec_Region27Shaanxi,18154.51148,4.422693955,55677.52873,150.3704823,0.5,coal_Region27Shaanxi
ThermalPower,Region28Gansu_300MW_sub,FALSE,TRUE,TRUE,TRUE,TRUE,TRUE,TRUE,Electricity,TRUE,TRUE,TRUE,Coal,FALSE,co2_sink,TRUE,CO2,FALSE,TRUE,Coal,TRUE,TRUE,200,4420,0.301623146,0.343098945,12,12,0.6,0.6,0.5,elec_Region28Gansu,18154.51148,4.422693955,55677.52873,150.3704823,0.5,coal_Region28Gansu
ThermalPower,Region29Qinghai_300MW_sub,FALSE,TRUE,TRUE,TRUE,TRUE,TRUE,TRUE,Electricity,TRUE,TRUE,TRUE,Coal,FALSE,co2_sink,TRUE,CO2,FALSE,TRUE,Coal,TRUE,TRUE,200,1140,0.309560597,0.344159997,12,12,0.6,0.6,0.5,elec_Region29Qinghai,18154.51148,4.422693955,55677.52873,150.3704823,0.5,coal_Region29Qinghai
ThermalPower,Region30Ningxia_300MW_sub,FALSE,TRUE,TRUE,TRUE,TRUE,TRUE,TRUE,Electricity,TRUE,TRUE,TRUE,Coal,FALSE,co2_sink,TRUE,CO2,FALSE,TRUE,Coal,TRUE,TRUE,200,850,0.291996875,0.345959997,12,12,0.6,0.6,0.5,elec_Region30Ningxia,18154.51148,4.422693955,55677.52873,150.3704823,0.5,coal_Region30Ningxia
ThermalPower,Region31Xinjiang_300MW_sub,FALSE,TRUE,TRUE,TRUE,TRUE,TRUE,TRUE,Electricity,TRUE,TRUE,TRUE,Coal,FALSE,co2_sink,TRUE,CO2,FALSE,TRUE,Coal,TRUE,TRUE,200,10175,0.307968654,0.346474283,12,12,0.6,0.6,0.5,elec_Region31Xinjiang,18154.51148,4.422693955,55677.52873,150.3704823,0.5,coal_Region31Xinjiang
ThermalPower,Region1Beijing_300MW_super,FALSE,TRUE,TRUE,TRUE,TRUE,TRUE,TRUE,Electricity,TRUE,TRUE,TRUE,Coal,FALSE,co2_sink,TRUE,CO2,FALSE,TRUE,Coal,TRUE,TRUE,200,0,0.338143854,0.343259997,12,12,0.6,0.6,0.5,elec_Region1Beijing,18154.51148,4.260193955,55677.52873,150.3704823,0.4,coal_Region1Beijing
ThermalPower,Region2Tianjin_300MW_super,FALSE,TRUE,TRUE,TRUE,TRUE,TRUE,TRUE,Electricity,TRUE,TRUE,TRUE,Coal,FALSE,co2_sink,TRUE,CO2,FALSE,TRUE,Coal,TRUE,TRUE,200,510,0.338143854,0.340559997,12,12,0.6,0.6,0.5,elec_Region2Tianjin,18154.51148,4.260193955,55677.52873,150.3704823,0.4,coal_Region2Tianjin
ThermalPower,Region3Hebei_300MW_super,FALSE,TRUE,TRUE,TRUE,TRUE,TRUE,TRUE,Electricity,TRUE,TRUE,TRUE,Coal,FALSE,co2_sink,TRUE,CO2,FALSE,TRUE,Coal,TRUE,TRUE,200,154,0.338143854,0.345959997,12,12,0.6,0.6,0.5,elec_Region3Hebei,18154.51148,4.260193955,55677.52873,150.3704823,0.4,coal_Region3Hebei
ThermalPower,Region4Shanxi_300MW_super,FALSE,TRUE,TRUE,TRUE,TRUE,TRUE,TRUE,Electricity,TRUE,TRUE,TRUE,Coal,FALSE,co2_sink,TRUE,CO2,FALSE,TRUE,Coal,TRUE,TRUE,200,600,0.368884204,0.340559997,12,12,0.6,0.6,0.5,elec_Region4Shanxi,18154.51148,4.260193955,55677.52873,150.3704823,0.4,coal_Region4Shanxi
ThermalPower,Region5Innermongolia_300MW_super,FALSE,TRUE,TRUE,TRUE,TRUE,TRUE,TRUE,Electricity,TRUE,TRUE,TRUE,Coal,FALSE,co2_sink,TRUE,CO2,FALSE,TRUE,Coal,TRUE,TRUE,200,0,0.338143854,0.343259997,12,12,0.6,0.6,0.5,elec_Region5Innermongolia,18154.51148,4.260193955,55677.52873,150.3704823,0.4,coal_Region5Innermongolia
ThermalPower,Region6Liaoning_300MW_super,FALSE,TRUE,TRUE,TRUE,TRUE,TRUE,TRUE,Electricity,TRUE,TRUE,TRUE,Coal,FALSE,co2_sink,TRUE,CO2,FALSE,TRUE,Coal,TRUE,TRUE,200,200,0.338143854,0.345959997,12,12,0.6,0.6,0.5,elec_Region6Liaoning,18154.51148,4.260193955,55677.52873,150.3704823,0.4,coal_Region6Liaoning
ThermalPower,Region7Jilin_300MW_super,FALSE,TRUE,TRUE,TRUE,TRUE,TRUE,TRUE,Electricity,TRUE,TRUE,TRUE,Coal,FALSE,co2_sink,TRUE,CO2,FALSE,TRUE,Coal,TRUE,TRUE,200,0,0.338143854,0.343259997,12,12,0.6,0.6,0.5,elec_Region7Jilin,18154.51148,4.260193955,55677.52873,150.3704823,0.4,coal_Region7Jilin
ThermalPower,Region8Heilongjiang_300MW_super,FALSE,TRUE,TRUE,TRUE,TRUE,TRUE,TRUE,Electricity,TRUE,TRUE,TRUE,Coal,FALSE,co2_sink,TRUE,CO2,FALSE,TRUE,Coal,TRUE,TRUE,200,0,0.338143854,0.343259997,12,12,0.6,0.6,0.5,elec_Region8Heilongjiang,18154.51148,4.260193955,55677.52873,150.3704823,0.4,coal_Region8Heilongjiang
ThermalPower,Region9Shanghai_300MW_super,FALSE,TRUE,TRUE,TRUE,TRUE,TRUE,TRUE,Electricity,TRUE,TRUE,TRUE,Coal,FALSE,co2_sink,TRUE,CO2,FALSE,TRUE,Coal,TRUE,TRUE,200,0,0.338143854,0.343259997,12,12,0.6,0.6,0.5,elec_Region9Shanghai,18154.51148,4.260193955,55677.52873,150.3704823,0.4,coal_Region9Shanghai
ThermalPower,Region10Jiangsu_300MW_super,FALSE,TRUE,TRUE,TRUE,TRUE,TRUE,TRUE,Electricity,TRUE,TRUE,TRUE,Coal,FALSE,co2_sink,TRUE,CO2,FALSE,TRUE,Coal,TRUE,TRUE,200,0,0.338143854,0.343259997,12,12,0.6,0.6,0.5,elec_Region10Jiangsu,18154.51148,4.260193955,55677.52873,150.3704823,0.4,coal_Region10Jiangsu
ThermalPower,Region11Zhejiang_300MW_super,FALSE,TRUE,TRUE,TRUE,TRUE,TRUE,TRUE,Electricity,TRUE,TRUE,TRUE,Coal,FALSE,co2_sink,TRUE,CO2,FALSE,TRUE,Coal,TRUE,TRUE,200,0,0.338143854,0.343259997,12,12,0.6,0.6,0.5,elec_Region11Zhejiang,18154.51148,4.260193955,55677.52873,150.3704823,0.4,coal_Region11Zhejiang
ThermalPower,Region12Anhui_300MW_super,FALSE,TRUE,TRUE,TRUE,TRUE,TRUE,TRUE,Electricity,TRUE,TRUE,TRUE,Coal,FALSE,co2_sink,TRUE,CO2,FALSE,TRUE,Coal,TRUE,TRUE,200,0,0.338143854,0.343259997,12,12,0.6,0.6,0.5,elec_Region12Anhui,18154.51148,4.260193955,55677.52873,150.3704823,0.4,coal_Region12Anhui
ThermalPower,Region13Fujian_300MW_super,FALSE,TRUE,TRUE,TRUE,TRUE,TRUE,TRUE,Electricity,TRUE,TRUE,TRUE,Coal,FALSE,co2_sink,TRUE,CO2,FALSE,TRUE,Coal,TRUE,TRUE,200,0,0.338143854,0.343259997,12,12,0.6,0.6,0.5,elec_Region13Fujian,18154.51148,4.260193955,55677.52873,150.3704823,0.4,coal_Region13Fujian
ThermalPower,Region14Jiangxi_300MW_super,FALSE,TRUE,TRUE,TRUE,TRUE,TRUE,TRUE,Electricity,TRUE,TRUE,TRUE,Coal,FALSE,co2_sink,TRUE,CO2,FALSE,TRUE,Coal,TRUE,TRUE,200,0,0.338143854,0.343259997,12,12,0.6,0.6,0.5,elec_Region14Jiangxi,18154.51148,4.260193955,55677.52873,150.3704823,0.4,coal_Region14Jiangxi
ThermalPower,Region15Shandong_300MW_super,FALSE,TRUE,TRUE,TRUE,TRUE,TRUE,TRUE,Electricity,TRUE,TRUE,TRUE,Coal,FALSE,co2_sink,TRUE,CO2,FALSE,TRUE,Coal,TRUE,TRUE,200,0,0.338143854,0.343259997,12,12,0.6,0.6,0.5,elec_Region15Shandong,18154.51148,4.260193955,55677.52873,150.3704823,0.4,coal_Region15Shandong
ThermalPower,Region16Henan_300MW_super,FALSE,TRUE,TRUE,TRUE,TRUE,TRUE,TRUE,Electricity,TRUE,TRUE,TRUE,Coal,FALSE,co2_sink,TRUE,CO2,FALSE,TRUE,Coal,TRUE,TRUE,200,270,0.312132788,0.340559997,12,12,0.6,0.6,0.5,elec_Region16Henan,18154.51148,4.260193955,55677.52873,150.3704823,0.4,coal_Region16Henan
ThermalPower,Region17Hubei_300MW_super,FALSE,TRUE,TRUE,TRUE,TRUE,TRUE,TRUE,Electricity,TRUE,TRUE,TRUE,Coal,FALSE,co2_sink,TRUE,CO2,FALSE,TRUE,Coal,TRUE,TRUE,200,50,0.312132788,0.340559997,12,12,0.6,0.6,0.5,elec_Region17Hubei,18154.51148,4.260193955,55677.52873,150.3704823,0.4,coal_Region17Hubei
ThermalPower,Region18Hunan_300MW_super,FALSE,TRUE,TRUE,TRUE,TRUE,TRUE,TRUE,Electricity,TRUE,TRUE,TRUE,Coal,FALSE,co2_sink,TRUE,CO2,FALSE,TRUE,Coal,TRUE,TRUE,200,0,0.338143854,0.343259997,12,12,0.6,0.6,0.5,elec_Region18Hunan,18154.51148,4.260193955,55677.52873,150.3704823,0.4,coal_Region18Hunan
ThermalPower,Region19Guangdong_300MW_super,FALSE,TRUE,TRUE,TRUE,TRUE,TRUE,TRUE,Electricity,TRUE,TRUE,TRUE,Coal,FALSE,co2_sink,TRUE,CO2,FALSE,TRUE,Coal,TRUE,TRUE,200,0,0.338143854,0.343259997,12,12,0.6,0.6,0.5,elec_Region19Guangdong,18154.51148,4.260193955,55677.52873,150.3704823,0.4,coal_Region19Guangdong
ThermalPower,Region20Guangxi_300MW_super,FALSE,TRUE,TRUE,TRUE,TRUE,TRUE,TRUE,Electricity,TRUE,TRUE,TRUE,Coal,FALSE,co2_sink,TRUE,CO2,FALSE,TRUE,Coal,TRUE,TRUE,200,0,0.338143854,0.343259997,12,12,0.6,0.6,0.5,elec_Region20Guangxi,18154.51148,4.260193955,55677.52873,150.3704823,0.4,coal_Region20Guangxi
ThermalPower,Region21Hainan_300MW_super,FALSE,TRUE,TRUE,TRUE,TRUE,TRUE,TRUE,Electricity,TRUE,TRUE,TRUE,Coal,FALSE,co2_sink,TRUE,CO2,FALSE,TRUE,Coal,TRUE,TRUE,200,0,0.338143854,0.343259997,12,12,0.6,0.6,0.5,elec_Region21Hainan,18154.51148,4.260193955,55677.52873,150.3704823,0.4,coal_Region21Hainan
ThermalPower,Region22Chongqing_300MW_super,FALSE,TRUE,TRUE,TRUE,TRUE,TRUE,TRUE,Electricity,TRUE,TRUE,TRUE,Coal,FALSE,co2_sink,TRUE,CO2,FALSE,TRUE,Coal,TRUE,TRUE,200,0,0.338143854,0.343259997,12,12,0.6,0.6,0.5,elec_Region22Chongqing,18154.51148,4.260193955,55677.52873,150.3704823,0.4,coal_Region22Chongqing
ThermalPower,Region23Sichuan_300MW_super,FALSE,TRUE,TRUE,TRUE,TRUE,TRUE,TRUE,Electricity,TRUE,TRUE,TRUE,Coal,FALSE,co2_sink,TRUE,CO2,FALSE,TRUE,Coal,TRUE,TRUE,200,0,0.338143854,0.343259997,12,12,0.6,0.6,0.5,elec_Region23Sichuan,18154.51148,4.260193955,55677.52873,150.3704823,0.4,coal_Region23Sichuan
ThermalPower,Region24Guizhou_300MW_super,FALSE,TRUE,TRUE,TRUE,TRUE,TRUE,TRUE,Electricity,TRUE,TRUE,TRUE,Coal,FALSE,co2_sink,TRUE,CO2,FALSE,TRUE,Coal,TRUE,TRUE,200,0,0.338143854,0.343259997,12,12,0.6,0.6,0.5,elec_Region24Guizhou,18154.51148,4.260193955,55677.52873,150.3704823,0.4,coal_Region24Guizhou
ThermalPower,Region25Yunnan_300MW_super,FALSE,TRUE,TRUE,TRUE,TRUE,TRUE,TRUE,Electricity,TRUE,TRUE,TRUE,Coal,FALSE,co2_sink,TRUE,CO2,FALSE,TRUE,Coal,TRUE,TRUE,200,0,0.338143854,0.343259997,12,12,0.6,0.6,0.5,elec_Region25Yunnan,18154.51148,4.260193955,55677.52873,150.3704823,0.4,coal_Region25Yunnan
ThermalPower,Region26Tibet_300MW_super,FALSE,TRUE,TRUE,TRUE,TRUE,TRUE,TRUE,Electricity,TRUE,TRUE,TRUE,Coal,FALSE,co2_sink,TRUE,CO2,FALSE,TRUE,Coal,TRUE,TRUE,200,0,0.338143854,0.343259997,12,12,0.6,0.6,0.5,elec_Region26Tibet,18154.51148,4.260193955,55677.52873,150.3704823,0.4,coal_Region26Tibet
ThermalPower,Region27Shaanxi_300MW_super,FALSE,TRUE,TRUE,TRUE,TRUE,TRUE,TRUE,Electricity,TRUE,TRUE,TRUE,Coal,FALSE,co2_sink,TRUE,CO2,FALSE,TRUE,Coal,TRUE,TRUE,200,0,0.338143854,0.343259997,12,12,0.6,0.6,0.5,elec_Region27Shaanxi,18154.51148,4.260193955,55677.52873,150.3704823,0.4,coal_Region27Shaanxi
ThermalPower,Region28Gansu_300MW_super,FALSE,TRUE,TRUE,TRUE,TRUE,TRUE,TRUE,Electricity,TRUE,TRUE,TRUE,Coal,FALSE,co2_sink,TRUE,CO2,FALSE,TRUE,Coal,TRUE,TRUE,200,600,0.368884204,0.345959997,12,12,0.6,0.6,0.5,elec_Region28Gansu,18154.51148,4.260193955,55677.52873,150.3704823,0.4,coal_Region28Gansu
ThermalPower,Region29Qinghai_300MW_super,FALSE,TRUE,TRUE,TRUE,TRUE,TRUE,TRUE,Electricity,TRUE,TRUE,TRUE,Coal,FALSE,co2_sink,TRUE,CO2,FALSE,TRUE,Coal,TRUE,TRUE,200,0,0.338143854,0.343259997,12,12,0.6,0.6,0.5,elec_Region29Qinghai,18154.51148,4.260193955,55677.52873,150.3704823,0.4,coal_Region29Qinghai
ThermalPower,Region30Ningxia_300MW_super,FALSE,TRUE,TRUE,TRUE,TRUE,TRUE,TRUE,Electricity,TRUE,TRUE,TRUE,Coal,FALSE,co2_sink,TRUE,CO2,FALSE,TRUE,Coal,TRUE,TRUE,200,0,0.338143854,0.343259997,12,12,0.6,0.6,0.5,elec_Region30Ningxia,18154.51148,4.260193955,55677.52873,150.3704823,0.4,coal_Region30Ningxia
ThermalPower,Region31Xinjiang_300MW_super,FALSE,TRUE,TRUE,TRUE,TRUE,TRUE,TRUE,Electricity,TRUE,TRUE,TRUE,Coal,FALSE,co2_sink,TRUE,CO2,FALSE,TRUE,Coal,TRUE,TRUE,200,300,0.338143854,0.345959997,12,12,0.6,0.6,0.5,elec_Region31Xinjiang,18154.51148,4.260193955,55677.52873,150.3704823,0.4,coal_Region31Xinjiang
ThermalPower,Region1Beijing_600MW_sub,FALSE,TRUE,TRUE,TRUE,TRUE,TRUE,TRUE,Electricity,TRUE,TRUE,TRUE,Coal,FALSE,co2_sink,TRUE,CO2,FALSE,TRUE,Coal,TRUE,TRUE,200,0,0.320693742,0.3455801,12,12,0.6,0.6,0.5,elec_Region1Beijing,18154.51148,4.310193955,55677.52873,150.3704823,0.45,coal_Region1Beijing
ThermalPower,Region2Tianjin_600MW_sub,FALSE,TRUE,TRUE,TRUE,TRUE,TRUE,TRUE,Electricity,TRUE,TRUE,TRUE,Coal,FALSE,co2_sink,TRUE,CO2,FALSE,TRUE,Coal,TRUE,TRUE,200,3374,0.313688072,0.340559997,12,12,0.6,0.6,0.5,elec_Region2Tianjin,18154.51148,4.310193955,55677.52873,150.3704823,0.45,coal_Region2Tianjin
ThermalPower,Region3Hebei_600MW_sub,FALSE,TRUE,TRUE,TRUE,TRUE,TRUE,TRUE,Electricity,TRUE,TRUE,TRUE,Coal,FALSE,co2_sink,TRUE,CO2,FALSE,TRUE,Coal,TRUE,TRUE,200,14410,0.320620405,0.343459457,12,12,0.6,0.6,0.5,elec_Region3Hebei,18154.51148,4.310193955,55677.52873,150.3704823,0.45,coal_Region3Hebei
ThermalPower,Region4Shanxi_600MW_sub,FALSE,TRUE,TRUE,TRUE,TRUE,TRUE,TRUE,Electricity,TRUE,TRUE,TRUE,Coal,FALSE,co2_sink,TRUE,CO2,FALSE,TRUE,Coal,TRUE,TRUE,200,19640,0.328625599,0.345665452,12,12,0.6,0.6,0.5,elec_Region4Shanxi,18154.51148,4.310193955,55677.52873,150.3704823,0.45,coal_Region4Shanxi
ThermalPower,Region5Innermongolia_600MW_sub,FALSE,TRUE,TRUE,TRUE,TRUE,TRUE,TRUE,Electricity,TRUE,TRUE,TRUE,Coal,FALSE,co2_sink,TRUE,CO2,FALSE,TRUE,Coal,TRUE,TRUE,200,34950,0.338422134,0.348519997,12,12,0.6,0.6,0.5,elec_Region5Innermongolia,18154.51148,4.310193955,55677.52873,150.3704823,0.45,coal_Region5Innermongolia
ThermalPower,Region6Liaoning_600MW_sub,FALSE,TRUE,TRUE,TRUE,TRUE,TRUE,TRUE,Electricity,TRUE,TRUE,TRUE,Coal,FALSE,co2_sink,TRUE,CO2,FALSE,TRUE,Coal,TRUE,TRUE,200,5560,0.318465047,0.341909997,12,12,0.6,0.6,0.5,elec_Region6Liaoning,18154.51148,4.310193955,55677.52873,150.3704823,0.45,coal_Region6Liaoning
ThermalPower,Region7Jilin_600MW_sub,FALSE,TRUE,TRUE,TRUE,TRUE,TRUE,TRUE,Electricity,TRUE,TRUE,TRUE,Coal,FALSE,co2_sink,TRUE,CO2,FALSE,TRUE,Coal,TRUE,TRUE,200,4080,0.316856638,0.359759997,12,12,0.6,0.6,0.5,elec_Region7Jilin,18154.51148,4.310193955,55677.52873,150.3704823,0.45,coal_Region7Jilin
ThermalPower,Region8Heilongjiang_600MW_sub,FALSE,TRUE,TRUE,TRUE,TRUE,TRUE,TRUE,Electricity,TRUE,TRUE,TRUE,Coal,FALSE,co2_sink,TRUE,CO2,FALSE,TRUE,Coal,TRUE,TRUE,200,3780,0.33019797,0.340559997,12,12,0.6,0.6,0.5,elec_Region8Heilongjiang,18154.51148,4.310193955,55677.52873,150.3704823,0.45,coal_Region8Heilongjiang
ThermalPower,Region9Shanghai_600MW_sub,FALSE,TRUE,TRUE,TRUE,TRUE,TRUE,TRUE,Electricity,TRUE,TRUE,TRUE,Coal,FALSE,co2_sink,TRUE,CO2,FALSE,TRUE,Coal,TRUE,TRUE,200,4180,0.301623146,0.346843634,12,12,0.6,0.6,0.5,elec_Region9Shanghai,18154.51148,4.310193955,55677.52873,150.3704823,0.45,coal_Region9Shanghai
ThermalPower,Region10Jiangsu_600MW_sub,FALSE,TRUE,TRUE,TRUE,TRUE,TRUE,TRUE,Electricity,TRUE,TRUE,TRUE,Coal,FALSE,co2_sink,TRUE,CO2,FALSE,TRUE,Coal,TRUE,TRUE,200,13690,0.310357407,0.341736583,12,12,0.6,0.6,0.5,elec_Region10Jiangsu,18154.51148,4.310193955,55677.52873,150.3704823,0.45,coal_Region10Jiangsu
ThermalPower,Region11Zhejiang_600MW_sub,FALSE,TRUE,TRUE,TRUE,TRUE,TRUE,TRUE,Electricity,TRUE,TRUE,TRUE,Coal,FALSE,co2_sink,TRUE,CO2,FALSE,TRUE,Coal,TRUE,TRUE,200,8790,0.33019797,0.340559997,12,12,0.6,0.6,0.5,elec_Region11Zhejiang,18154.51148,4.310193955,55677.52873,150.3704823,0.45,coal_Region11Zhejiang
ThermalPower,Region12Anhui_600MW_sub,FALSE,TRUE,TRUE,TRUE,TRUE,TRUE,TRUE,Electricity,TRUE,TRUE,TRUE,Coal,FALSE,co2_sink,TRUE,CO2,FALSE,TRUE,Coal,TRUE,TRUE,200,6900,0.316704303,0.341074283,12,12,0.6,0.6,0.5,elec_Region12Anhui,18154.51148,4.310193955,55677.52873,150.3704823,0.45,coal_Region12Anhui
ThermalPower,Region13Fujian_600MW_sub,FALSE,TRUE,TRUE,TRUE,TRUE,TRUE,TRUE,Electricity,TRUE,TRUE,TRUE,Coal,FALSE,co2_sink,TRUE,CO2,FALSE,TRUE,Coal,TRUE,TRUE,200,1486,0.301623146,0.340559997,12,12,0.6,0.6,0.5,elec_Region13Fujian,18154.51148,4.310193955,55677.52873,150.3704823,0.45,coal_Region13Fujian
ThermalPower,Region14Jiangxi_600MW_sub,FALSE,TRUE,TRUE,TRUE,TRUE,TRUE,TRUE,Electricity,TRUE,TRUE,TRUE,Coal,FALSE,co2_sink,TRUE,CO2,FALSE,TRUE,Coal,TRUE,TRUE,200,2390,0.304974514,0.342102854,12,12,0.6,0.6,0.5,elec_Region14Jiangxi,18154.51148,4.310193955,55677.52873,150.3704823,0.45,coal_Region14Jiangxi
ThermalPower,Region15Shandong_600MW_sub,FALSE,TRUE,TRUE,TRUE,TRUE,TRUE,TRUE,Electricity,TRUE,TRUE,TRUE,Coal,FALSE,co2_sink,TRUE,CO2,FALSE,TRUE,Coal,TRUE,TRUE,200,32325,0.323528737,0.344954997,12,12,0.6,0.6,0.5,elec_Region15Shandong,18154.51148,4.310193955,55677.52873,150.3704823,0.45,coal_Region15Shandong
ThermalPower,Region16Henan_600MW_sub,FALSE,TRUE,TRUE,TRUE,TRUE,TRUE,TRUE,Electricity,TRUE,TRUE,TRUE,Coal,FALSE,co2_sink,TRUE,CO2,FALSE,TRUE,Coal,TRUE,TRUE,200,10170,0.314907067,0.345739352,12,12,0.6,0.6,0.5,elec_Region16Henan,18154.51148,4.310193955,55677.52873,150.3704823,0.45,coal_Region16Henan
ThermalPower,Region17Hubei_600MW_sub,FALSE,TRUE,TRUE,TRUE,TRUE,TRUE,TRUE,Electricity,TRUE,TRUE,TRUE,Coal,FALSE,co2_sink,TRUE,CO2,FALSE,TRUE,Coal,TRUE,TRUE,200,8620,0.306152022,0.348064613,12,12,0.6,0.6,0.5,elec_Region17Hubei,18154.51148,4.310193955,55677.52873,150.3704823,0.45,coal_Region17Hubei
ThermalPower,Region18Hunan_600MW_sub,FALSE,TRUE,TRUE,TRUE,TRUE,TRUE,TRUE,Electricity,TRUE,TRUE,TRUE,Coal,FALSE,co2_sink,TRUE,CO2,FALSE,TRUE,Coal,TRUE,TRUE,200,2695,0.298750544,0.353879997,12,12,0.6,0.6,0.5,elec_Region18Hunan,18154.51148,4.310193955,55677.52873,150.3704823,0.45,coal_Region18Hunan
ThermalPower,Region19Guangdong_600MW_sub,FALSE,TRUE,TRUE,TRUE,TRUE,TRUE,TRUE,Electricity,TRUE,TRUE,TRUE,Coal,FALSE,co2_sink,TRUE,CO2,FALSE,TRUE,Coal,TRUE,TRUE,200,13170,0.320650774,0.343460569,12,12,0.6,0.6,0.5,elec_Region19Guangdong,18154.51148,4.310193955,55677.52873,150.3704823,0.45,coal_Region19Guangdong
ThermalPower,Region20Guangxi_600MW_sub,FALSE,TRUE,TRUE,TRUE,TRUE,TRUE,TRUE,Electricity,TRUE,TRUE,TRUE,Coal,FALSE,co2_sink,TRUE,CO2,FALSE,TRUE,Coal,TRUE,TRUE,200,2020,0.30554033,0.349439997,12,12,0.6,0.6,0.5,elec_Region20Guangxi,18154.51148,4.310193955,55677.52873,150.3704823,0.45,coal_Region20Guangxi
ThermalPower,Region21Hainan_600MW_sub,FALSE,TRUE,TRUE,TRUE,TRUE,TRUE,TRUE,Electricity,TRUE,TRUE,TRUE,Coal,FALSE,co2_sink,TRUE,CO2,FALSE,TRUE,Coal,TRUE,TRUE,200,660,0.326758408,0.340559997,12,12,0.6,0.6,0.5,elec_Region21Hainan,18154.51148,4.310193955,55677.52873,150.3704823,0.45,coal_Region21Hainan
ThermalPower,Region22Chongqing_600MW_sub,FALSE,TRUE,TRUE,TRUE,TRUE,TRUE,TRUE,Electricity,TRUE,TRUE,TRUE,Coal,FALSE,co2_sink,TRUE,CO2,FALSE,TRUE,Coal,TRUE,TRUE,200,3300,0.316856638,0.350549997,12,12,0.6,0.6,0.5,elec_Region22Chongqing,18154.51148,4.310193955,55677.52873,150.3704823,0.45,coal_Region22Chongqing
ThermalPower,Region23Sichuan_600MW_sub,FALSE,TRUE,TRUE,TRUE,TRUE,TRUE,TRUE,Electricity,TRUE,TRUE,TRUE,Coal,FALSE,co2_sink,TRUE,CO2,FALSE,TRUE,Coal,TRUE,TRUE,200,2190,0.326758408,0.351215997,12,12,0.6,0.6,0.5,elec_Region23Sichuan,18154.51148,4.310193955,55677.52873,150.3704823,0.45,coal_Region23Sichuan
ThermalPower,Region24Guizhou_600MW_sub,FALSE,TRUE,TRUE,TRUE,TRUE,TRUE,TRUE,Electricity,TRUE,TRUE,TRUE,Coal,FALSE,co2_sink,TRUE,CO2,FALSE,TRUE,Coal,TRUE,TRUE,200,6000,0.356463718,0.345383997,12,12,0.6,0.6,0.5,elec_Region24Guizhou,18154.51148,4.310193955,55677.52873,150.3704823,0.45,coal_Region24Guizhou
ThermalPower,Region25Yunnan_600MW_sub,FALSE,TRUE,TRUE,TRUE,TRUE,TRUE,TRUE,Electricity,TRUE,TRUE,TRUE,Coal,FALSE,co2_sink,TRUE,CO2,FALSE,TRUE,Coal,TRUE,TRUE,200,3600,0.356463718,0.353879997,12,12,0.6,0.6,0.5,elec_Region25Yunnan,18154.51148,4.310193955,55677.52873,150.3704823,0.45,coal_Region25Yunnan
ThermalPower,Region26Tibet_600MW_sub,FALSE,TRUE,TRUE,TRUE,TRUE,TRUE,TRUE,Electricity,TRUE,TRUE,TRUE,Coal,FALSE,co2_sink,TRUE,CO2,FALSE,TRUE,Coal,TRUE,TRUE,200,0,0.320693742,0.3455801,12,12,0.6,0.6,0.5,elec_Region26Tibet,18154.51148,4.310193955,55677.52873,150.3704823,0.45,coal_Region26Tibet
ThermalPower,Region27Shaanxi_600MW_sub,FALSE,TRUE,TRUE,TRUE,TRUE,TRUE,TRUE,Electricity,TRUE,TRUE,TRUE,Coal,FALSE,co2_sink,TRUE,CO2,FALSE,TRUE,Coal,TRUE,TRUE,200,11550,0.336864338,0.344635197,12,12,0.6,0.6,0.5,elec_Region27Shaanxi,18154.51148,4.310193955,55677.52873,150.3704823,0.45,coal_Region27Shaanxi
ThermalPower,Region28Gansu_600MW_sub,FALSE,TRUE,TRUE,TRUE,TRUE,TRUE,TRUE,Electricity,TRUE,TRUE,TRUE,Coal,FALSE,co2_sink,TRUE,CO2,FALSE,TRUE,Coal,TRUE,TRUE,200,6570,0.318788691,0.342719997,12,12,0.6,0.6,0.5,elec_Region28Gansu,18154.51148,4.310193955,55677.52873,150.3704823,0.45,coal_Region28Gansu
ThermalPower,Region29Qinghai_600MW_sub,FALSE,TRUE,TRUE,TRUE,TRUE,TRUE,TRUE,Electricity,TRUE,TRUE,TRUE,Coal,FALSE,co2_sink,TRUE,CO2,FALSE,TRUE,Coal,TRUE,TRUE,200,0,0.320693742,0.3455801,12,12,0.6,0.6,0.5,elec_Region29Qinghai,18154.51148,4.310193955,55677.52873,150.3704823,0.45,coal_Region29Qinghai
ThermalPower,Region30Ningxia_600MW_sub,FALSE,TRUE,TRUE,TRUE,TRUE,TRUE,TRUE,Electricity,TRUE,TRUE,TRUE,Coal,FALSE,co2_sink,TRUE,CO2,FALSE,TRUE,Coal,TRUE,TRUE,200,10360,0.321967229,0.343054283,12,12,0.6,0.6,0.5,elec_Region30Ningxia,18154.51148,4.310193955,55677.52873,150.3704823,0.45,coal_Region30Ningxia
ThermalPower,Region31Xinjiang_600MW_sub,FALSE,TRUE,TRUE,TRUE,TRUE,TRUE,TRUE,Electricity,TRUE,TRUE,TRUE,Coal,FALSE,co2_sink,TRUE,CO2,FALSE,TRUE,Coal,TRUE,TRUE,200,12900,0.33408483,0.345391576,12,12,0.6,0.6,0.5,elec_Region31Xinjiang,18154.51148,4.310193955,55677.52873,150.3704823,0.45,coal_Region31Xinjiang
ThermalPower,Region1Beijing_600MW_super,FALSE,TRUE,TRUE,TRUE,TRUE,TRUE,TRUE,Electricity,TRUE,TRUE,TRUE,Coal,FALSE,co2_sink,TRUE,CO2,FALSE,TRUE,Coal,TRUE,TRUE,200,0,0.359578557,0.345741994,12,12,0.6,0.6,0.5,elec_Region1Beijing,18154.51148,4.147693955,55677.52873,150.3704823,0.35,coal_Region1Beijing
ThermalPower,Region2Tianjin_600MW_super,FALSE,TRUE,TRUE,TRUE,TRUE,TRUE,TRUE,Electricity,TRUE,TRUE,TRUE,Coal,FALSE,co2_sink,TRUE,CO2,FALSE,TRUE,Coal,TRUE,TRUE,200,3310,0.348516365,0.342102854,12,12,0.6,0.6,0.5,elec_Region2Tianjin,18154.51148,4.147693955,55677.52873,150.3704823,0.35,coal_Region2Tianjin
ThermalPower,Region3Hebei_600MW_super,FALSE,TRUE,TRUE,TRUE,TRUE,TRUE,TRUE,Electricity,TRUE,TRUE,TRUE,Coal,FALSE,co2_sink,TRUE,CO2,FALSE,TRUE,Coal,TRUE,TRUE,200,12900,0.364980668,0.345250585,12,12,0.6,0.6,0.5,elec_Region3Hebei,18154.51148,4.147693955,55677.52873,150.3704823,0.35,coal_Region3Hebei
ThermalPower,Region4Shanxi_600MW_super,FALSE,TRUE,TRUE,TRUE,TRUE,TRUE,TRUE,Electricity,TRUE,TRUE,TRUE,Coal,FALSE,co2_sink,TRUE,CO2,FALSE,TRUE,Coal,TRUE,TRUE,200,17900,0.368884204,0.341901815,12,12,0.6,0.6,0.5,elec_Region4Shanxi,18154.51148,4.147693955,55677.52873,150.3704823,0.35,coal_Region4Shanxi
ThermalPower,Region5Innermongolia_600MW_super,FALSE,TRUE,TRUE,TRUE,TRUE,TRUE,TRUE,Electricity,TRUE,TRUE,TRUE,Coal,FALSE,co2_sink,TRUE,CO2,FALSE,TRUE,Coal,TRUE,TRUE,200,15400,0.365195362,0.350639997,12,12,0.6,0.6,0.5,elec_Region5Innermongolia,18154.51148,4.147693955,55677.52873,150.3704823,0.35,coal_Region5Innermongolia
ThermalPower,Region6Liaoning_600MW_super,FALSE,TRUE,TRUE,TRUE,TRUE,TRUE,TRUE,Electricity,TRUE,TRUE,TRUE,Coal,FALSE,co2_sink,TRUE,CO2,FALSE,TRUE,Coal,TRUE,TRUE,200,10340,0.358034669,0.347549997,12,12,0.6,0.6,0.5,elec_Region6Liaoning,18154.51148,4.147693955,55677.52873,150.3704823,0.35,coal_Region6Liaoning
ThermalPower,Region7Jilin_600MW_super,FALSE,TRUE,TRUE,TRUE,TRUE,TRUE,TRUE,Electricity,TRUE,TRUE,TRUE,Coal,FALSE,co2_sink,TRUE,CO2,FALSE,TRUE,Coal,TRUE,TRUE,200,2100,0.347805107,0.350039997,12,12,0.6,0.6,0.5,elec_Region7Jilin,18154.51148,4.147693955,55677.52873,150.3704823,0.35,coal_Region7Jilin
ThermalPower,Region8Heilongjiang_600MW_super,FALSE,TRUE,TRUE,TRUE,TRUE,TRUE,TRUE,Electricity,TRUE,TRUE,TRUE,Coal,FALSE,co2_sink,TRUE,CO2,FALSE,TRUE,Coal,TRUE,TRUE,200,6150,0.364154919,0.349842854,12,12,0.6,0.6,0.5,elec_Region8Heilongjiang,18154.51148,4.147693955,55677.52873,150.3704823,0.35,coal_Region8Heilongjiang
ThermalPower,Region9Shanghai_600MW_super,FALSE,TRUE,TRUE,TRUE,TRUE,TRUE,TRUE,Electricity,TRUE,TRUE,TRUE,Coal,FALSE,co2_sink,TRUE,CO2,FALSE,TRUE,Coal,TRUE,TRUE,200,1200,0.3246181,0.340559997,12,12,0.6,0.6,0.5,elec_Region9Shanghai,18154.51148,4.147693955,55677.52873,150.3704823,0.35,coal_Region9Shanghai
ThermalPower,Region10Jiangsu_600MW_super,FALSE,TRUE,TRUE,TRUE,TRUE,TRUE,TRUE,Electricity,TRUE,TRUE,TRUE,Coal,FALSE,co2_sink,TRUE,CO2,FALSE,TRUE,Coal,TRUE,TRUE,200,4790,0.354245942,0.344454543,12,12,0.6,0.6,0.5,elec_Region10Jiangsu,18154.51148,4.147693955,55677.52873,150.3704823,0.35,coal_Region10Jiangsu
ThermalPower,Region11Zhejiang_600MW_super,FALSE,TRUE,TRUE,TRUE,TRUE,TRUE,TRUE,Electricity,TRUE,TRUE,TRUE,Coal,FALSE,co2_sink,TRUE,CO2,FALSE,TRUE,Coal,TRUE,TRUE,200,3950,0.364154919,0.340559997,12,12,0.6,0.6,0.5,elec_Region11Zhejiang,18154.51148,4.147693955,55677.52873,150.3704823,0.35,coal_Region11Zhejiang
ThermalPower,Region12Anhui_600MW_super,FALSE,TRUE,TRUE,TRUE,TRUE,TRUE,TRUE,Electricity,TRUE,TRUE,TRUE,Coal,FALSE,co2_sink,TRUE,CO2,FALSE,TRUE,Coal,TRUE,TRUE,200,4300,0.360686777,0.341909997,12,12,0.6,0.6,0.5,elec_Region12Anhui,18154.51148,4.147693955,55677.52873,150.3704823,0.35,coal_Region12Anhui
ThermalPower,Region13Fujian_600MW_super,FALSE,TRUE,TRUE,TRUE,TRUE,TRUE,TRUE,Electricity,TRUE,TRUE,TRUE,Coal,FALSE,co2_sink,TRUE,CO2,FALSE,TRUE,Coal,TRUE,TRUE,200,10200,0.357416301,0.340559997,12,12,0.6,0.6,0.5,elec_Region13Fujian,18154.51148,4.147693955,55677.52873,150.3704823,0.35,coal_Region13Fujian
ThermalPower,Region14Jiangxi_600MW_super,FALSE,TRUE,TRUE,TRUE,TRUE,TRUE,TRUE,Electricity,TRUE,TRUE,TRUE,Coal,FALSE,co2_sink,TRUE,CO2,FALSE,TRUE,Coal,TRUE,TRUE,200,700,0.338143854,0.353879997,12,12,0.6,0.6,0.5,elec_Region14Jiangxi,18154.51148,4.147693955,55677.52873,150.3704823,0.35,coal_Region14Jiangxi
ThermalPower,Region15Shandong_600MW_super,FALSE,TRUE,TRUE,TRUE,TRUE,TRUE,TRUE,Electricity,TRUE,TRUE,TRUE,Coal,FALSE,co2_sink,TRUE,CO2,FALSE,TRUE,Coal,TRUE,TRUE,200,10540,0.359090818,0.344687997,12,12,0.6,0.6,0.5,elec_Region15Shandong,18154.51148,4.147693955,55677.52873,150.3704823,0.35,coal_Region15Shandong
ThermalPower,Region16Henan_600MW_super,FALSE,TRUE,TRUE,TRUE,TRUE,TRUE,TRUE,Electricity,TRUE,TRUE,TRUE,Coal,FALSE,co2_sink,TRUE,CO2,FALSE,TRUE,Coal,TRUE,TRUE,200,12000,0.363595542,0.342287997,12,12,0.6,0.6,0.5,elec_Region16Henan,18154.51148,4.147693955,55677.52873,150.3704823,0.35,coal_Region16Henan
ThermalPower,Region17Hubei_600MW_super,FALSE,TRUE,TRUE,TRUE,TRUE,TRUE,TRUE,Electricity,TRUE,TRUE,TRUE,Coal,FALSE,co2_sink,TRUE,CO2,FALSE,TRUE,Coal,TRUE,TRUE,200,3500,0.355940899,0.345419997,12,12,0.6,0.6,0.5,elec_Region17Hubei,18154.51148,4.147693955,55677.52873,150.3704823,0.35,coal_Region17Hubei
ThermalPower,Region18Hunan_600MW_super,FALSE,TRUE,TRUE,TRUE,TRUE,TRUE,TRUE,Electricity,TRUE,TRUE,TRUE,Coal,FALSE,co2_sink,TRUE,CO2,FALSE,TRUE,Coal,TRUE,TRUE,200,2400,0.368884204,0.347219997,12,12,0.6,0.6,0.5,elec_Region18Hunan,18154.51148,4.147693955,55677.52873,150.3704823,0.35,coal_Region18Hunan
ThermalPower,Region19Guangdong_600MW_super,FALSE,TRUE,TRUE,TRUE,TRUE,TRUE,TRUE,Electricity,TRUE,TRUE,TRUE,Coal,FALSE,co2_sink,TRUE,CO2,FALSE,TRUE,Coal,TRUE,TRUE,200,8000,0.36666201,0.343079997,12,12,0.6,0.6,0.5,elec_Region19Guangdong,18154.51148,4.147693955,55677.52873,150.3704823,0.35,coal_Region19Guangdong
ThermalPower,Region20Guangxi_600MW_super,FALSE,TRUE,TRUE,TRUE,TRUE,TRUE,TRUE,Electricity,TRUE,TRUE,TRUE,Coal,FALSE,co2_sink,TRUE,CO2,FALSE,TRUE,Coal,TRUE,TRUE,200,5410,0.366504306,0.345959997,12,12,0.6,0.6,0.5,elec_Region20Guangxi,18154.51148,4.147693955,55677.52873,150.3704823,0.35,coal_Region20Guangxi
ThermalPower,Region21Hainan_600MW_super,FALSE,TRUE,TRUE,TRUE,TRUE,TRUE,TRUE,Electricity,TRUE,TRUE,TRUE,Coal,FALSE,co2_sink,TRUE,CO2,FALSE,TRUE,Coal,TRUE,TRUE,200,2100,0.347805107,0.345959997,12,12,0.6,0.6,0.5,elec_Region21Hainan,18154.51148,4.147693955,55677.52873,150.3704823,0.35,coal_Region21Hainan
ThermalPower,Region22Chongqing_600MW_super,FALSE,TRUE,TRUE,TRUE,TRUE,TRUE,TRUE,Electricity,TRUE,TRUE,TRUE,Coal,FALSE,co2_sink,TRUE,CO2,FALSE,TRUE,Coal,TRUE,TRUE,200,2250,0.368884204,0.343799997,12,12,0.6,0.6,0.5,elec_Region22Chongqing,18154.51148,4.147693955,55677.52873,150.3704823,0.35,coal_Region22Chongqing
ThermalPower,Region23Sichuan_600MW_super,FALSE,TRUE,TRUE,TRUE,TRUE,TRUE,TRUE,Electricity,TRUE,TRUE,TRUE,Coal,FALSE,co2_sink,TRUE,CO2,FALSE,TRUE,Coal,TRUE,TRUE,200,5400,0.368884204,0.347959997,12,12,0.6,0.6,0.5,elec_Region23Sichuan,18154.51148,4.147693955,55677.52873,150.3704823,0.35,coal_Region23Sichuan
ThermalPower,Region24Guizhou_600MW_super,FALSE,TRUE,TRUE,TRUE,TRUE,TRUE,TRUE,Electricity,TRUE,TRUE,TRUE,Coal,FALSE,co2_sink,TRUE,CO2,FALSE,TRUE,Coal,TRUE,TRUE,200,6900,0.368884204,0.348582854,12,12,0.6,0.6,0.5,elec_Region24Guizhou,18154.51148,4.147693955,55677.52873,150.3704823,0.35,coal_Region24Guizhou
ThermalPower,Region25Yunnan_600MW_super,FALSE,TRUE,TRUE,TRUE,TRUE,TRUE,TRUE,Electricity,TRUE,TRUE,TRUE,Coal,FALSE,co2_sink,TRUE,CO2,FALSE,TRUE,Coal,TRUE,TRUE,200,2400,0.368884204,0.353879997,12,12,0.6,0.6,0.5,elec_Region25Yunnan,18154.51148,4.147693955,55677.52873,150.3704823,0.35,coal_Region25Yunnan
ThermalPower,Region26Tibet_600MW_super,FALSE,TRUE,TRUE,TRUE,TRUE,TRUE,TRUE,Electricity,TRUE,TRUE,TRUE,Coal,FALSE,co2_sink,TRUE,CO2,FALSE,TRUE,Coal,TRUE,TRUE,200,0,0.359578557,0.345741994,12,12,0.6,0.6,0.5,elec_Region26Tibet,18154.51148,4.147693955,55677.52873,150.3704823,0.35,coal_Region26Tibet
ThermalPower,Region27Shaanxi_600MW_super,FALSE,TRUE,TRUE,TRUE,TRUE,TRUE,TRUE,Electricity,TRUE,TRUE,TRUE,Coal,FALSE,co2_sink,TRUE,CO2,FALSE,TRUE,Coal,TRUE,TRUE,200,8700,0.368884204,0.345698179,12,12,0.6,0.6,0.5,elec_Region27Shaanxi,18154.51148,4.147693955,55677.52873,150.3704823,0.35,coal_Region27Shaanxi
ThermalPower,Region28Gansu_600MW_super,FALSE,TRUE,TRUE,TRUE,TRUE,TRUE,TRUE,Electricity,TRUE,TRUE,TRUE,Coal,FALSE,co2_sink,TRUE,CO2,FALSE,TRUE,Coal,TRUE,TRUE,200,5400,0.359545364,0.345188569,12,12,0.6,0.6,0.5,elec_Region28Gansu,18154.51148,4.147693955,55677.52873,150.3704823,0.35,coal_Region28Gansu
ThermalPower,Region29Qinghai_600MW_super,FALSE,TRUE,TRUE,TRUE,TRUE,TRUE,TRUE,Electricity,TRUE,TRUE,TRUE,Coal,FALSE,co2_sink,TRUE,CO2,FALSE,TRUE,Coal,TRUE,TRUE,200,700,0.368884204,0.345959997,12,12,0.6,0.6,0.5,elec_Region29Qinghai,18154.51148,4.147693955,55677.52873,150.3704823,0.35,coal_Region29Qinghai
ThermalPower,Region30Ningxia_600MW_super,FALSE,TRUE,TRUE,TRUE,TRUE,TRUE,TRUE,Electricity,TRUE,TRUE,TRUE,Coal,FALSE,co2_sink,TRUE,CO2,FALSE,TRUE,Coal,TRUE,TRUE,200,5050,0.363796146,0.345959997,12,12,0.6,0.6,0.5,elec_Region30Ningxia,18154.51148,4.147693955,55677.52873,150.3704823,0.35,coal_Region30Ningxia
ThermalPower,Region31Xinjiang_600MW_super,FALSE,TRUE,TRUE,TRUE,TRUE,TRUE,TRUE,Electricity,TRUE,TRUE,TRUE,Coal,FALSE,co2_sink,TRUE,CO2,FALSE,TRUE,Coal,TRUE,TRUE,200,19370,0.354809131,0.345619634,12,12,0.6,0.6,0.5,elec_Region31Xinjiang,18154.51148,4.147693955,55677.52873,150.3704823,0.35,coal_Region31Xinjiang
ThermalPower,Region1Beijing_600MW_ultra,FALSE,TRUE,TRUE,TRUE,TRUE,TRUE,TRUE,Electricity,TRUE,TRUE,TRUE,Coal,FALSE,co2_sink,TRUE,CO2,FALSE,TRUE,Coal,TRUE,TRUE,200,0,0.386561176,0.346907997,12,12,0.6,0.6,0.5,elec_Region1Beijing,18154.51148,3.992172167,48953.78551,150.3704823,0.3,coal_Region1Beijing
ThermalPower,Region2Tianjin_600MW_ultra,FALSE,TRUE,TRUE,TRUE,TRUE,TRUE,TRUE,Electricity,TRUE,TRUE,TRUE,Coal,FALSE,co2_sink,TRUE,CO2,FALSE,TRUE,Coal,TRUE,TRUE,200,0,0.386561176,0.346907997,12,12,0.6,0.6,0.5,elec_Region2Tianjin,18154.51148,3.992172167,48953.78551,150.3704823,0.3,coal_Region2Tianjin
ThermalPower,Region3Hebei_600MW_ultra,FALSE,TRUE,TRUE,TRUE,TRUE,TRUE,TRUE,Electricity,TRUE,TRUE,TRUE,Coal,FALSE,co2_sink,TRUE,CO2,FALSE,TRUE,Coal,TRUE,TRUE,200,1400,0.374993626,0.345959997,12,12,0.6,0.6,0.5,elec_Region3Hebei,18154.51148,3.992172167,48953.78551,150.3704823,0.3,coal_Region3Hebei
ThermalPower,Region4Shanxi_600MW_ultra,FALSE,TRUE,TRUE,TRUE,TRUE,TRUE,TRUE,Electricity,TRUE,TRUE,TRUE,Coal,FALSE,co2_sink,TRUE,CO2,FALSE,TRUE,Coal,TRUE,TRUE,200,0,0.386561176,0.346907997,12,12,0.6,0.6,0.5,elec_Region4Shanxi,18154.51148,3.992172167,48953.78551,150.3704823,0.3,coal_Region4Shanxi
ThermalPower,Region5Innermongolia_600MW_ultra,FALSE,TRUE,TRUE,TRUE,TRUE,TRUE,TRUE,Electricity,TRUE,TRUE,TRUE,Coal,FALSE,co2_sink,TRUE,CO2,FALSE,TRUE,Coal,TRUE,TRUE,200,700,0.374993626,0.363599997,12,12,0.6,0.6,0.5,elec_Region5Innermongolia,18154.51148,3.992172167,48953.78551,150.3704823,0.3,coal_Region5Innermongolia
ThermalPower,Region6Liaoning_600MW_ultra,FALSE,TRUE,TRUE,TRUE,TRUE,TRUE,TRUE,Electricity,TRUE,TRUE,TRUE,Coal,FALSE,co2_sink,TRUE,CO2,FALSE,TRUE,Coal,TRUE,TRUE,200,2400,0.374993626,0.340559997,12,12,0.6,0.6,0.5,elec_Region6Liaoning,18154.51148,3.992172167,48953.78551,150.3704823,0.3,coal_Region6Liaoning
ThermalPower,Region7Jilin_600MW_ultra,FALSE,TRUE,TRUE,TRUE,TRUE,TRUE,TRUE,Electricity,TRUE,TRUE,TRUE,Coal,FALSE,co2_sink,TRUE,CO2,FALSE,TRUE,Coal,TRUE,TRUE,200,0,0.386561176,0.346907997,12,12,0.6,0.6,0.5,elec_Region7Jilin,18154.51148,3.992172167,48953.78551,150.3704823,0.3,coal_Region7Jilin
ThermalPower,Region8Heilongjiang_600MW_ultra,FALSE,TRUE,TRUE,TRUE,TRUE,TRUE,TRUE,Electricity,TRUE,TRUE,TRUE,Coal,FALSE,co2_sink,TRUE,CO2,FALSE,TRUE,Coal,TRUE,TRUE,200,0,0.386561176,0.346907997,12,12,0.6,0.6,0.5,elec_Region8Heilongjiang,18154.51148,3.992172167,48953.78551,150.3704823,0.3,coal_Region8Heilongjiang
ThermalPower,Region9Shanghai_600MW_ultra,FALSE,TRUE,TRUE,TRUE,TRUE,TRUE,TRUE,Electricity,TRUE,TRUE,TRUE,Coal,FALSE,co2_sink,TRUE,CO2,FALSE,TRUE,Coal,TRUE,TRUE,200,0,0.386561176,0.346907997,12,12,0.6,0.6,0.5,elec_Region9Shanghai,18154.51148,3.992172167,48953.78551,150.3704823,0.3,coal_Region9Shanghai
ThermalPower,Region10Jiangsu_600MW_ultra,FALSE,TRUE,TRUE,TRUE,TRUE,TRUE,TRUE,Electricity,TRUE,TRUE,TRUE,Coal,FALSE,co2_sink,TRUE,CO2,FALSE,TRUE,Coal,TRUE,TRUE,200,1200,0.374993626,0.340559997,12,12,0.6,0.6,0.5,elec_Region10Jiangsu,18154.51148,3.992172167,48953.78551,150.3704823,0.3,coal_Region10Jiangsu
ThermalPower,Region11Zhejiang_600MW_ultra,FALSE,TRUE,TRUE,TRUE,TRUE,TRUE,TRUE,Electricity,TRUE,TRUE,TRUE,Coal,FALSE,co2_sink,TRUE,CO2,FALSE,TRUE,Coal,TRUE,TRUE,200,0,0.386561176,0.346907997,12,12,0.6,0.6,0.5,elec_Region11Zhejiang,18154.51148,3.992172167,48953.78551,150.3704823,0.3,coal_Region11Zhejiang
ThermalPower,Region12Anhui_600MW_ultra,FALSE,TRUE,TRUE,TRUE,TRUE,TRUE,TRUE,Electricity,TRUE,TRUE,TRUE,Coal,FALSE,co2_sink,TRUE,CO2,FALSE,TRUE,Coal,TRUE,TRUE,200,0,0.386561176,0.346907997,12,12,0.6,0.6,0.5,elec_Region12Anhui,18154.51148,3.992172167,48953.78551,150.3704823,0.3,coal_Region12Anhui
ThermalPower,Region13Fujian_600MW_ultra,FALSE,TRUE,TRUE,TRUE,TRUE,TRUE,TRUE,Electricity,TRUE,TRUE,TRUE,Coal,FALSE,co2_sink,TRUE,CO2,FALSE,TRUE,Coal,TRUE,TRUE,200,600,0.412492988,0.340559997,12,12,0.6,0.6,0.5,elec_Region13Fujian,18154.51148,3.992172167,48953.78551,150.3704823,0.3,coal_Region13Fujian
ThermalPower,Region14Jiangxi_600MW_ultra,FALSE,TRUE,TRUE,TRUE,TRUE,TRUE,TRUE,Electricity,TRUE,TRUE,TRUE,Coal,FALSE,co2_sink,TRUE,CO2,FALSE,TRUE,Coal,TRUE,TRUE,200,0,0.386561176,0.346907997,12,12,0.6,0.6,0.5,elec_Region14Jiangxi,18154.51148,3.992172167,48953.78551,150.3704823,0.3,coal_Region14Jiangxi
ThermalPower,Region15Shandong_600MW_ultra,FALSE,TRUE,TRUE,TRUE,TRUE,TRUE,TRUE,Electricity,TRUE,TRUE,TRUE,Coal,FALSE,co2_sink,TRUE,CO2,FALSE,TRUE,Coal,TRUE,TRUE,200,3600,0.399186763,0.346799997,12,12,0.6,0.6,0.5,elec_Region15Shandong,18154.51148,3.992172167,48953.78551,150.3704823,0.3,coal_Region15Shandong
ThermalPower,Region16Henan_600MW_ultra,FALSE,TRUE,TRUE,TRUE,TRUE,TRUE,TRUE,Electricity,TRUE,TRUE,TRUE,Coal,FALSE,co2_sink,TRUE,CO2,FALSE,TRUE,Coal,TRUE,TRUE,200,2400,0.412492988,0.343259997,12,12,0.6,0.6,0.5,elec_Region16Henan,18154.51148,3.992172167,48953.78551,150.3704823,0.3,coal_Region16Henan
ThermalPower,Region17Hubei_600MW_ultra,FALSE,TRUE,TRUE,TRUE,TRUE,TRUE,TRUE,Electricity,TRUE,TRUE,TRUE,Coal,FALSE,co2_sink,TRUE,CO2,FALSE,TRUE,Coal,TRUE,TRUE,200,0,0.386561176,0.346907997,12,12,0.6,0.6,0.5,elec_Region17Hubei,18154.51148,3.992172167,48953.78551,150.3704823,0.3,coal_Region17Hubei
ThermalPower,Region18Hunan_600MW_ultra,FALSE,TRUE,TRUE,TRUE,TRUE,TRUE,TRUE,Electricity,TRUE,TRUE,TRUE,Coal,FALSE,co2_sink,TRUE,CO2,FALSE,TRUE,Coal,TRUE,TRUE,200,1200,0.374993626,0.353879997,12,12,0.6,0.6,0.5,elec_Region18Hunan,18154.51148,3.992172167,48953.78551,150.3704823,0.3,coal_Region18Hunan
ThermalPower,Region19Guangdong_600MW_ultra,FALSE,TRUE,TRUE,TRUE,TRUE,TRUE,TRUE,Electricity,TRUE,TRUE,TRUE,Coal,FALSE,co2_sink,TRUE,CO2,FALSE,TRUE,Coal,TRUE,TRUE,200,4800,0.397583603,0.347939997,12,12,0.6,0.6,0.5,elec_Region19Guangdong,18154.51148,3.992172167,48953.78551,150.3704823,0.3,coal_Region19Guangdong
ThermalPower,Region20Guangxi_600MW_ultra,FALSE,TRUE,TRUE,TRUE,TRUE,TRUE,TRUE,Electricity,TRUE,TRUE,TRUE,Coal,FALSE,co2_sink,TRUE,CO2,FALSE,TRUE,Coal,TRUE,TRUE,200,0,0.386561176,0.346907997,12,12,0.6,0.6,0.5,elec_Region20Guangxi,18154.51148,3.992172167,48953.78551,150.3704823,0.3,coal_Region20Guangxi
ThermalPower,Region21Hainan_600MW_ultra,FALSE,TRUE,TRUE,TRUE,TRUE,TRUE,TRUE,Electricity,TRUE,TRUE,TRUE,Coal,FALSE,co2_sink,TRUE,CO2,FALSE,TRUE,Coal,TRUE,TRUE,200,0,0.386561176,0.346907997,12,12,0.6,0.6,0.5,elec_Region21Hainan,18154.51148,3.992172167,48953.78551,150.3704823,0.3,coal_Region21Hainan
ThermalPower,Region22Chongqing_600MW_ultra,FALSE,TRUE,TRUE,TRUE,TRUE,TRUE,TRUE,Electricity,TRUE,TRUE,TRUE,Coal,FALSE,co2_sink,TRUE,CO2,FALSE,TRUE,Coal,TRUE,TRUE,200,0,0.386561176,0.346907997,12,12,0.6,0.6,0.5,elec_Region22Chongqing,18154.51148,3.992172167,48953.78551,150.3704823,0.3,coal_Region22Chongqing
ThermalPower,Region23Sichuan_600MW_ultra,FALSE,TRUE,TRUE,TRUE,TRUE,TRUE,TRUE,Electricity,TRUE,TRUE,TRUE,Coal,FALSE,co2_sink,TRUE,CO2,FALSE,TRUE,Coal,TRUE,TRUE,200,0,0.386561176,0.346907997,12,12,0.6,0.6,0.5,elec_Region23Sichuan,18154.51148,3.992172167,48953.78551,150.3704823,0.3,coal_Region23Sichuan
ThermalPower,Region24Guizhou_600MW_ultra,FALSE,TRUE,TRUE,TRUE,TRUE,TRUE,TRUE,Electricity,TRUE,TRUE,TRUE,Coal,FALSE,co2_sink,TRUE,CO2,FALSE,TRUE,Coal,TRUE,TRUE,200,0,0.386561176,0.346907997,12,12,0.6,0.6,0.5,elec_Region24Guizhou,18154.51148,3.992172167,48953.78551,150.3704823,0.3,coal_Region24Guizhou
ThermalPower,Region25Yunnan_600MW_ultra,FALSE,TRUE,TRUE,TRUE,TRUE,TRUE,TRUE,Electricity,TRUE,TRUE,TRUE,Coal,FALSE,co2_sink,TRUE,CO2,FALSE,TRUE,Coal,TRUE,TRUE,200,0,0.386561176,0.346907997,12,12,0.6,0.6,0.5,elec_Region25Yunnan,18154.51148,3.992172167,48953.78551,150.3704823,0.3,coal_Region25Yunnan
ThermalPower,Region26Tibet_600MW_ultra,FALSE,TRUE,TRUE,TRUE,TRUE,TRUE,TRUE,Electricity,TRUE,TRUE,TRUE,Coal,FALSE,co2_sink,TRUE,CO2,FALSE,TRUE,Coal,TRUE,TRUE,200,0,0.386561176,0.346907997,12,12,0.6,0.6,0.5,elec_Region26Tibet,18154.51148,3.992172167,48953.78551,150.3704823,0.3,coal_Region26Tibet
ThermalPower,Region27Shaanxi_600MW_ultra,FALSE,TRUE,TRUE,TRUE,TRUE,TRUE,TRUE,Electricity,TRUE,TRUE,TRUE,Coal,FALSE,co2_sink,TRUE,CO2,FALSE,TRUE,Coal,TRUE,TRUE,200,1200,0.374993626,0.345959997,12,12,0.6,0.6,0.5,elec_Region27Shaanxi,18154.51148,3.992172167,48953.78551,150.3704823,0.3,coal_Region27Shaanxi
ThermalPower,Region28Gansu_600MW_ultra,FALSE,TRUE,TRUE,TRUE,TRUE,TRUE,TRUE,Electricity,TRUE,TRUE,TRUE,Coal,FALSE,co2_sink,TRUE,CO2,FALSE,TRUE,Coal,TRUE,TRUE,200,0,0.386561176,0.346907997,12,12,0.6,0.6,0.5,elec_Region28Gansu,18154.51148,3.992172167,48953.78551,150.3704823,0.3,coal_Region28Gansu
ThermalPower,Region29Qinghai_600MW_ultra,FALSE,TRUE,TRUE,TRUE,TRUE,TRUE,TRUE,Electricity,TRUE,TRUE,TRUE,Coal,FALSE,co2_sink,TRUE,CO2,FALSE,TRUE,Coal,TRUE,TRUE,200,0,0.386561176,0.346907997,12,12,0.6,0.6,0.5,elec_Region29Qinghai,18154.51148,3.992172167,48953.78551,150.3704823,0.3,coal_Region29Qinghai
ThermalPower,Region30Ningxia_600MW_ultra,FALSE,TRUE,TRUE,TRUE,TRUE,TRUE,TRUE,Electricity,TRUE,TRUE,TRUE,Coal,FALSE,co2_sink,TRUE,CO2,FALSE,TRUE,Coal,TRUE,TRUE,200,0,0.386561176,0.346907997,12,12,0.6,0.6,0.5,elec_Region30Ningxia,18154.51148,3.992172167,48953.78551,150.3704823,0.3,coal_Region30Ningxia
ThermalPower,Region31Xinjiang_600MW_ultra,FALSE,TRUE,TRUE,TRUE,TRUE,TRUE,TRUE,Electricity,TRUE,TRUE,TRUE,Coal,FALSE,co2_sink,TRUE,CO2,FALSE,TRUE,Coal,TRUE,TRUE,200,0,0.386561176,0.346907997,12,12,0.6,0.6,0.5,elec_Region31Xinjiang,18154.51148,3.992172167,48953.78551,150.3704823,0.3,coal_Region31Xinjiang
ThermalPower,Region1Beijing_1000MW_sub,FALSE,TRUE,TRUE,TRUE,TRUE,TRUE,TRUE,Electricity,TRUE,TRUE,TRUE,Coal,FALSE,co2_sink,TRUE,CO2,FALSE,TRUE,Coal,TRUE,TRUE,200,0,0.340348722,0.345397497,12,12,0.6,0.6,0.5,elec_Region1Beijing,18154.51148,4.310193955,55677.52873,150.3704823,0.4,coal_Region1Beijing
ThermalPower,Region2Tianjin_1000MW_sub,FALSE,TRUE,TRUE,TRUE,TRUE,TRUE,TRUE,Electricity,TRUE,TRUE,TRUE,Coal,FALSE,co2_sink,TRUE,CO2,FALSE,TRUE,Coal,TRUE,TRUE,200,0,0.340348722,0.345397497,12,12,0.6,0.6,0.5,elec_Region2Tianjin,18154.51148,4.310193955,55677.52873,150.3704823,0.4,coal_Region2Tianjin
ThermalPower,Region3Hebei_1000MW_sub,FALSE,TRUE,TRUE,TRUE,TRUE,TRUE,TRUE,Electricity,TRUE,TRUE,TRUE,Coal,FALSE,co2_sink,TRUE,CO2,FALSE,TRUE,Coal,TRUE,TRUE,200,1320,0.326758408,0.353879997,12,12,0.6,0.6,0.5,elec_Region3Hebei,18154.51148,4.310193955,55677.52873,150.3704823,0.4,coal_Region3Hebei
ThermalPower,Region4Shanxi_1000MW_sub,FALSE,TRUE,TRUE,TRUE,TRUE,TRUE,TRUE,Electricity,TRUE,TRUE,TRUE,Coal,FALSE,co2_sink,TRUE,CO2,FALSE,TRUE,Coal,TRUE,TRUE,200,0,0.340348722,0.345397497,12,12,0.6,0.6,0.5,elec_Region4Shanxi,18154.51148,4.310193955,55677.52873,150.3704823,0.4,coal_Region4Shanxi
ThermalPower,Region5Innermongolia_1000MW_sub,FALSE,TRUE,TRUE,TRUE,TRUE,TRUE,TRUE,Electricity,TRUE,TRUE,TRUE,Coal,FALSE,co2_sink,TRUE,CO2,FALSE,TRUE,Coal,TRUE,TRUE,200,1920,0.367603209,0.340559997,12,12,0.6,0.6,0.5,elec_Region5Innermongolia,18154.51148,4.310193955,55677.52873,150.3704823,0.4,coal_Region5Innermongolia
ThermalPower,Region6Liaoning_1000MW_sub,FALSE,TRUE,TRUE,TRUE,TRUE,TRUE,TRUE,Electricity,TRUE,TRUE,TRUE,Coal,FALSE,co2_sink,TRUE,CO2,FALSE,TRUE,Coal,TRUE,TRUE,200,0,0.340348722,0.345397497,12,12,0.6,0.6,0.5,elec_Region6Liaoning,18154.51148,4.310193955,55677.52873,150.3704823,0.4,coal_Region6Liaoning
ThermalPower,Region7Jilin_1000MW_sub,FALSE,TRUE,TRUE,TRUE,TRUE,TRUE,TRUE,Electricity,TRUE,TRUE,TRUE,Coal,FALSE,co2_sink,TRUE,CO2,FALSE,TRUE,Coal,TRUE,TRUE,200,0,0.340348722,0.345397497,12,12,0.6,0.6,0.5,elec_Region7Jilin,18154.51148,4.310193955,55677.52873,150.3704823,0.4,coal_Region7Jilin
ThermalPower,Region8Heilongjiang_1000MW_sub,FALSE,TRUE,TRUE,TRUE,TRUE,TRUE,TRUE,Electricity,TRUE,TRUE,TRUE,Coal,FALSE,co2_sink,TRUE,CO2,FALSE,TRUE,Coal,TRUE,TRUE,200,0,0.340348722,0.345397497,12,12,0.6,0.6,0.5,elec_Region8Heilongjiang,18154.51148,4.310193955,55677.52873,150.3704823,0.4,coal_Region8Heilongjiang
ThermalPower,Region9Shanghai_1000MW_sub,FALSE,TRUE,TRUE,TRUE,TRUE,TRUE,TRUE,Electricity,TRUE,TRUE,TRUE,Coal,FALSE,co2_sink,TRUE,CO2,FALSE,TRUE,Coal,TRUE,TRUE,200,0,0.340348722,0.345397497,12,12,0.6,0.6,0.5,elec_Region9Shanghai,18154.51148,4.310193955,55677.52873,150.3704823,0.4,coal_Region9Shanghai
ThermalPower,Region10Jiangsu_1000MW_sub,FALSE,TRUE,TRUE,TRUE,TRUE,TRUE,TRUE,Electricity,TRUE,TRUE,TRUE,Coal,FALSE,co2_sink,TRUE,CO2,FALSE,TRUE,Coal,TRUE,TRUE,200,1260,0.326758408,0.340559997,12,12,0.6,0.6,0.5,elec_Region10Jiangsu,18154.51148,4.310193955,55677.52873,150.3704823,0.4,coal_Region10Jiangsu
ThermalPower,Region11Zhejiang_1000MW_sub,FALSE,TRUE,TRUE,TRUE,TRUE,TRUE,TRUE,Electricity,TRUE,TRUE,TRUE,Coal,FALSE,co2_sink,TRUE,CO2,FALSE,TRUE,Coal,TRUE,TRUE,200,0,0.340348722,0.345397497,12,12,0.6,0.6,0.5,elec_Region11Zhejiang,18154.51148,4.310193955,55677.52873,150.3704823,0.4,coal_Region11Zhejiang
ThermalPower,Region12Anhui_1000MW_sub,FALSE,TRUE,TRUE,TRUE,TRUE,TRUE,TRUE,Electricity,TRUE,TRUE,TRUE,Coal,FALSE,co2_sink,TRUE,CO2,FALSE,TRUE,Coal,TRUE,TRUE,200,1260,0.313688072,0.340559997,12,12,0.6,0.6,0.5,elec_Region12Anhui,18154.51148,4.310193955,55677.52873,150.3704823,0.4,coal_Region12Anhui
ThermalPower,Region13Fujian_1000MW_sub,FALSE,TRUE,TRUE,TRUE,TRUE,TRUE,TRUE,Electricity,TRUE,TRUE,TRUE,Coal,FALSE,co2_sink,TRUE,CO2,FALSE,TRUE,Coal,TRUE,TRUE,200,0,0.340348722,0.345397497,12,12,0.6,0.6,0.5,elec_Region13Fujian,18154.51148,4.310193955,55677.52873,150.3704823,0.4,coal_Region13Fujian
ThermalPower,Region14Jiangxi_1000MW_sub,FALSE,TRUE,TRUE,TRUE,TRUE,TRUE,TRUE,Electricity,TRUE,TRUE,TRUE,Coal,FALSE,co2_sink,TRUE,CO2,FALSE,TRUE,Coal,TRUE,TRUE,200,0,0.340348722,0.345397497,12,12,0.6,0.6,0.5,elec_Region14Jiangxi,18154.51148,4.310193955,55677.52873,150.3704823,0.4,coal_Region14Jiangxi
ThermalPower,Region15Shandong_1000MW_sub,FALSE,TRUE,TRUE,TRUE,TRUE,TRUE,TRUE,Electricity,TRUE,TRUE,TRUE,Coal,FALSE,co2_sink,TRUE,CO2,FALSE,TRUE,Coal,TRUE,TRUE,200,2670,0.326758408,0.347219997,12,12,0.6,0.6,0.5,elec_Region15Shandong,18154.51148,4.310193955,55677.52873,150.3704823,0.4,coal_Region15Shandong
ThermalPower,Region16Henan_1000MW_sub,FALSE,TRUE,TRUE,TRUE,TRUE,TRUE,TRUE,Electricity,TRUE,TRUE,TRUE,Coal,FALSE,co2_sink,TRUE,CO2,FALSE,TRUE,Coal,TRUE,TRUE,200,0,0.340348722,0.345397497,12,12,0.6,0.6,0.5,elec_Region16Henan,18154.51148,4.310193955,55677.52873,150.3704823,0.4,coal_Region16Henan
ThermalPower,Region17Hubei_1000MW_sub,FALSE,TRUE,TRUE,TRUE,TRUE,TRUE,TRUE,Electricity,TRUE,TRUE,TRUE,Coal,FALSE,co2_sink,TRUE,CO2,FALSE,TRUE,Coal,TRUE,TRUE,200,0,0.340348722,0.345397497,12,12,0.6,0.6,0.5,elec_Region17Hubei,18154.51148,4.310193955,55677.52873,150.3704823,0.4,coal_Region17Hubei
ThermalPower,Region18Hunan_1000MW_sub,FALSE,TRUE,TRUE,TRUE,TRUE,TRUE,TRUE,Electricity,TRUE,TRUE,TRUE,Coal,FALSE,co2_sink,TRUE,CO2,FALSE,TRUE,Coal,TRUE,TRUE,200,2600,0.356463718,0.353879997,12,12,0.6,0.6,0.5,elec_Region18Hunan,18154.51148,4.310193955,55677.52873,150.3704823,0.4,coal_Region18Hunan
ThermalPower,Region19Guangdong_1000MW_sub,FALSE,TRUE,TRUE,TRUE,TRUE,TRUE,TRUE,Electricity,TRUE,TRUE,TRUE,Coal,FALSE,co2_sink,TRUE,CO2,FALSE,TRUE,Coal,TRUE,TRUE,200,4010,0.326758408,0.340559997,12,12,0.6,0.6,0.5,elec_Region19Guangdong,18154.51148,4.310193955,55677.52873,150.3704823,0.4,coal_Region19Guangdong
ThermalPower,Region20Guangxi_1000MW_sub,FALSE,TRUE,TRUE,TRUE,TRUE,TRUE,TRUE,Electricity,TRUE,TRUE,TRUE,Coal,FALSE,co2_sink,TRUE,CO2,FALSE,TRUE,Coal,TRUE,TRUE,200,0,0.340348722,0.345397497,12,12,0.6,0.6,0.5,elec_Region20Guangxi,18154.51148,4.310193955,55677.52873,150.3704823,0.4,coal_Region20Guangxi
ThermalPower,Region21Hainan_1000MW_sub,FALSE,TRUE,TRUE,TRUE,TRUE,TRUE,TRUE,Electricity,TRUE,TRUE,TRUE,Coal,FALSE,co2_sink,TRUE,CO2,FALSE,TRUE,Coal,TRUE,TRUE,200,0,0.340348722,0.345397497,12,12,0.6,0.6,0.5,elec_Region21Hainan,18154.51148,4.310193955,55677.52873,150.3704823,0.4,coal_Region21Hainan
ThermalPower,Region22Chongqing_1000MW_sub,FALSE,TRUE,TRUE,TRUE,TRUE,TRUE,TRUE,Electricity,TRUE,TRUE,TRUE,Coal,FALSE,co2_sink,TRUE,CO2,FALSE,TRUE,Coal,TRUE,TRUE,200,0,0.340348722,0.345397497,12,12,0.6,0.6,0.5,elec_Region22Chongqing,18154.51148,4.310193955,55677.52873,150.3704823,0.4,coal_Region22Chongqing
ThermalPower,Region23Sichuan_1000MW_sub,FALSE,TRUE,TRUE,TRUE,TRUE,TRUE,TRUE,Electricity,TRUE,TRUE,TRUE,Coal,FALSE,co2_sink,TRUE,CO2,FALSE,TRUE,Coal,TRUE,TRUE,200,0,0.340348722,0.345397497,12,12,0.6,0.6,0.5,elec_Region23Sichuan,18154.51148,4.310193955,55677.52873,150.3704823,0.4,coal_Region23Sichuan
ThermalPower,Region24Guizhou_1000MW_sub,FALSE,TRUE,TRUE,TRUE,TRUE,TRUE,TRUE,Electricity,TRUE,TRUE,TRUE,Coal,FALSE,co2_sink,TRUE,CO2,FALSE,TRUE,Coal,TRUE,TRUE,200,1320,0.39211009,0.345959997,12,12,0.6,0.6,0.5,elec_Region24Guizhou,18154.51148,4.310193955,55677.52873,150.3704823,0.4,coal_Region24Guizhou
ThermalPower,Region25Yunnan_1000MW_sub,FALSE,TRUE,TRUE,TRUE,TRUE,TRUE,TRUE,Electricity,TRUE,TRUE,TRUE,Coal,FALSE,co2_sink,TRUE,CO2,FALSE,TRUE,Coal,TRUE,TRUE,200,0,0.340348722,0.345397497,12,12,0.6,0.6,0.5,elec_Region25Yunnan,18154.51148,4.310193955,55677.52873,150.3704823,0.4,coal_Region25Yunnan
ThermalPower,Region26Tibet_1000MW_sub,FALSE,TRUE,TRUE,TRUE,TRUE,TRUE,TRUE,Electricity,TRUE,TRUE,TRUE,Coal,FALSE,co2_sink,TRUE,CO2,FALSE,TRUE,Coal,TRUE,TRUE,200,0,0.340348722,0.345397497,12,12,0.6,0.6,0.5,elec_Region26Tibet,18154.51148,4.310193955,55677.52873,150.3704823,0.4,coal_Region26Tibet
ThermalPower,Region27Shaanxi_1000MW_sub,FALSE,TRUE,TRUE,TRUE,TRUE,TRUE,TRUE,Electricity,TRUE,TRUE,TRUE,Coal,FALSE,co2_sink,TRUE,CO2,FALSE,TRUE,Coal,TRUE,TRUE,200,0,0.340348722,0.345397497,12,12,0.6,0.6,0.5,elec_Region27Shaanxi,18154.51148,4.310193955,55677.52873,150.3704823,0.4,coal_Region27Shaanxi
ThermalPower,Region28Gansu_1000MW_sub,FALSE,TRUE,TRUE,TRUE,TRUE,TRUE,TRUE,Electricity,TRUE,TRUE,TRUE,Coal,FALSE,co2_sink,TRUE,CO2,FALSE,TRUE,Coal,TRUE,TRUE,200,0,0.340348722,0.345397497,12,12,0.6,0.6,0.5,elec_Region28Gansu,18154.51148,4.310193955,55677.52873,150.3704823,0.4,coal_Region28Gansu
ThermalPower,Region29Qinghai_1000MW_sub,FALSE,TRUE,TRUE,TRUE,TRUE,TRUE,TRUE,Electricity,TRUE,TRUE,TRUE,Coal,FALSE,co2_sink,TRUE,CO2,FALSE,TRUE,Coal,TRUE,TRUE,200,0,0.340348722,0.345397497,12,12,0.6,0.6,0.5,elec_Region29Qinghai,18154.51148,4.310193955,55677.52873,150.3704823,0.4,coal_Region29Qinghai
ThermalPower,Region30Ningxia_1000MW_sub,FALSE,TRUE,TRUE,TRUE,TRUE,TRUE,TRUE,Electricity,TRUE,TRUE,TRUE,Coal,FALSE,co2_sink,TRUE,CO2,FALSE,TRUE,Coal,TRUE,TRUE,200,0,0.340348722,0.345397497,12,12,0.6,0.6,0.5,elec_Region30Ningxia,18154.51148,4.310193955,55677.52873,150.3704823,0.4,coal_Region30Ningxia
ThermalPower,Region31Xinjiang_1000MW_sub,FALSE,TRUE,TRUE,TRUE,TRUE,TRUE,TRUE,Electricity,TRUE,TRUE,TRUE,Coal,FALSE,co2_sink,TRUE,CO2,FALSE,TRUE,Coal,TRUE,TRUE,200,0,0.340348722,0.345397497,12,12,0.6,0.6,0.5,elec_Region31Xinjiang,18154.51148,4.310193955,55677.52873,150.3704823,0.4,coal_Region31Xinjiang
ThermalPower,Region1Beijing_1000MW_super,FALSE,TRUE,TRUE,TRUE,TRUE,TRUE,TRUE,Electricity,TRUE,TRUE,TRUE,Coal,FALSE,co2_sink,TRUE,CO2,FALSE,TRUE,Coal,TRUE,TRUE,200,0,0.373843528,0.344836906,12,12,0.6,0.6,0.5,elec_Region1Beijing,18154.51148,4.147693955,55677.52873,150.3704823,0.3,coal_Region1Beijing
ThermalPower,Region2Tianjin_1000MW_super,FALSE,TRUE,TRUE,TRUE,TRUE,TRUE,TRUE,Electricity,TRUE,TRUE,TRUE,Coal,FALSE,co2_sink,TRUE,CO2,FALSE,TRUE,Coal,TRUE,TRUE,200,0,0.373843528,0.344836906,12,12,0.6,0.6,0.5,elec_Region2Tianjin,18154.51148,4.147693955,55677.52873,150.3704823,0.3,coal_Region2Tianjin
ThermalPower,Region3Hebei_1000MW_super,FALSE,TRUE,TRUE,TRUE,TRUE,TRUE,TRUE,Electricity,TRUE,TRUE,TRUE,Coal,FALSE,co2_sink,TRUE,CO2,FALSE,TRUE,Coal,TRUE,TRUE,200,3880,0.368884204,0.340559997,12,12,0.6,0.6,0.5,elec_Region3Hebei,18154.51148,4.147693955,55677.52873,150.3704823,0.3,coal_Region3Hebei
ThermalPower,Region4Shanxi_1000MW_super,FALSE,TRUE,TRUE,TRUE,TRUE,TRUE,TRUE,Electricity,TRUE,TRUE,TRUE,Coal,FALSE,co2_sink,TRUE,CO2,FALSE,TRUE,Coal,TRUE,TRUE,200,7920,0.386450119,0.340559997,12,12,0.6,0.6,0.5,elec_Region4Shanxi,18154.51148,4.147693955,55677.52873,150.3704823,0.3,coal_Region4Shanxi
ThermalPower,Region5Innermongolia_1000MW_super,FALSE,TRUE,TRUE,TRUE,TRUE,TRUE,TRUE,Electricity,TRUE,TRUE,TRUE,Coal,FALSE,co2_sink,TRUE,CO2,FALSE,TRUE,Coal,TRUE,TRUE,200,6600,0.397816299,0.354239997,12,12,0.6,0.6,0.5,elec_Region5Innermongolia,18154.51148,4.147693955,55677.52873,150.3704823,0.3,coal_Region5Innermongolia
ThermalPower,Region6Liaoning_1000MW_super,FALSE,TRUE,TRUE,TRUE,TRUE,TRUE,TRUE,Electricity,TRUE,TRUE,TRUE,Coal,FALSE,co2_sink,TRUE,CO2,FALSE,TRUE,Coal,TRUE,TRUE,200,1760,0.338143854,0.340559997,12,12,0.6,0.6,0.5,elec_Region6Liaoning,18154.51148,4.147693955,55677.52873,150.3704823,0.3,coal_Region6Liaoning
ThermalPower,Region7Jilin_1000MW_super,FALSE,TRUE,TRUE,TRUE,TRUE,TRUE,TRUE,Electricity,TRUE,TRUE,TRUE,Coal,FALSE,co2_sink,TRUE,CO2,FALSE,TRUE,Coal,TRUE,TRUE,200,3980,0.368884204,0.363599997,12,12,0.6,0.6,0.5,elec_Region7Jilin,18154.51148,4.147693955,55677.52873,150.3704823,0.3,coal_Region7Jilin
ThermalPower,Region8Heilongjiang_1000MW_super,FALSE,TRUE,TRUE,TRUE,TRUE,TRUE,TRUE,Electricity,TRUE,TRUE,TRUE,Coal,FALSE,co2_sink,TRUE,CO2,FALSE,TRUE,Coal,TRUE,TRUE,200,0,0.373843528,0.344836906,12,12,0.6,0.6,0.5,elec_Region8Heilongjiang,18154.51148,4.147693955,55677.52873,150.3704823,0.3,coal_Region8Heilongjiang
ThermalPower,Region9Shanghai_1000MW_super,FALSE,TRUE,TRUE,TRUE,TRUE,TRUE,TRUE,Electricity,TRUE,TRUE,TRUE,Coal,FALSE,co2_sink,TRUE,CO2,FALSE,TRUE,Coal,TRUE,TRUE,200,1800,0.338143854,0.340559997,12,12,0.6,0.6,0.5,elec_Region9Shanghai,18154.51148,4.147693955,55677.52873,150.3704823,0.3,coal_Region9Shanghai
ThermalPower,Region10Jiangsu_1000MW_super,FALSE,TRUE,TRUE,TRUE,TRUE,TRUE,TRUE,Electricity,TRUE,TRUE,TRUE,Coal,FALSE,co2_sink,TRUE,CO2,FALSE,TRUE,Coal,TRUE,TRUE,200,12110,0.368884204,0.34226526,12,12,0.6,0.6,0.5,elec_Region10Jiangsu,18154.51148,4.147693955,55677.52873,150.3704823,0.3,coal_Region10Jiangsu
ThermalPower,Region11Zhejiang_1000MW_super,FALSE,TRUE,TRUE,TRUE,TRUE,TRUE,TRUE,Electricity,TRUE,TRUE,TRUE,Coal,FALSE,co2_sink,TRUE,CO2,FALSE,TRUE,Coal,TRUE,TRUE,200,0,0.373843528,0.344836906,12,12,0.6,0.6,0.5,elec_Region11Zhejiang,18154.51148,4.147693955,55677.52873,150.3704823,0.3,coal_Region11Zhejiang
ThermalPower,Region12Anhui_1000MW_super,FALSE,TRUE,TRUE,TRUE,TRUE,TRUE,TRUE,Electricity,TRUE,TRUE,TRUE,Coal,FALSE,co2_sink,TRUE,CO2,FALSE,TRUE,Coal,TRUE,TRUE,200,10870,0.368884204,0.341195291,12,12,0.6,0.6,0.5,elec_Region12Anhui,18154.51148,4.147693955,55677.52873,150.3704823,0.3,coal_Region12Anhui
ThermalPower,Region13Fujian_1000MW_super,FALSE,TRUE,TRUE,TRUE,TRUE,TRUE,TRUE,Electricity,TRUE,TRUE,TRUE,Coal,FALSE,co2_sink,TRUE,CO2,FALSE,TRUE,Coal,TRUE,TRUE,200,2660,0.368884204,0.340559997,12,12,0.6,0.6,0.5,elec_Region13Fujian,18154.51148,4.147693955,55677.52873,150.3704823,0.3,coal_Region13Fujian
ThermalPower,Region14Jiangxi_1000MW_super,FALSE,TRUE,TRUE,TRUE,TRUE,TRUE,TRUE,Electricity,TRUE,TRUE,TRUE,Coal,FALSE,co2_sink,TRUE,CO2,FALSE,TRUE,Coal,TRUE,TRUE,200,3980,0.368884204,0.344159997,12,12,0.6,0.6,0.5,elec_Region14Jiangxi,18154.51148,4.147693955,55677.52873,150.3704823,0.3,coal_Region14Jiangxi
ThermalPower,Region15Shandong_1000MW_super,FALSE,TRUE,TRUE,TRUE,TRUE,TRUE,TRUE,Electricity,TRUE,TRUE,TRUE,Coal,FALSE,co2_sink,TRUE,CO2,FALSE,TRUE,Coal,TRUE,TRUE,200,7980,0.374559346,0.344579997,12,12,0.6,0.6,0.5,elec_Region15Shandong,18154.51148,4.147693955,55677.52873,150.3704823,0.3,coal_Region15Shandong
ThermalPower,Region16Henan_1000MW_super,FALSE,TRUE,TRUE,TRUE,TRUE,TRUE,TRUE,Electricity,TRUE,TRUE,TRUE,Coal,FALSE,co2_sink,TRUE,CO2,FALSE,TRUE,Coal,TRUE,TRUE,200,8880,0.368884204,0.342462854,12,12,0.6,0.6,0.5,elec_Region16Henan,18154.51148,4.147693955,55677.52873,150.3704823,0.3,coal_Region16Henan
ThermalPower,Region17Hubei_1000MW_super,FALSE,TRUE,TRUE,TRUE,TRUE,TRUE,TRUE,Electricity,TRUE,TRUE,TRUE,Coal,FALSE,co2_sink,TRUE,CO2,FALSE,TRUE,Coal,TRUE,TRUE,200,9060,0.378721116,0.34513714,12,12,0.6,0.6,0.5,elec_Region17Hubei,18154.51148,4.147693955,55677.52873,150.3704823,0.3,coal_Region17Hubei
ThermalPower,Region18Hunan_1000MW_super,FALSE,TRUE,TRUE,TRUE,TRUE,TRUE,TRUE,Electricity,TRUE,TRUE,TRUE,Coal,FALSE,co2_sink,TRUE,CO2,FALSE,TRUE,Coal,TRUE,TRUE,200,4490,0.378721116,0.347811426,12,12,0.6,0.6,0.5,elec_Region18Hunan,18154.51148,4.147693955,55677.52873,150.3704823,0.3,coal_Region18Hunan
ThermalPower,Region19Guangdong_1000MW_super,FALSE,TRUE,TRUE,TRUE,TRUE,TRUE,TRUE,Electricity,TRUE,TRUE,TRUE,Coal,FALSE,co2_sink,TRUE,CO2,FALSE,TRUE,Coal,TRUE,TRUE,200,1260,0.368884204,0.340559997,12,12,0.6,0.6,0.5,elec_Region19Guangdong,18154.51148,4.147693955,55677.52873,150.3704823,0.3,coal_Region19Guangdong
ThermalPower,Region20Guangxi_1000MW_super,FALSE,TRUE,TRUE,TRUE,TRUE,TRUE,TRUE,Electricity,TRUE,TRUE,TRUE,Coal,FALSE,co2_sink,TRUE,CO2,FALSE,TRUE,Coal,TRUE,TRUE,200,5830,0.376490064,0.347959997,12,12,0.6,0.6,0.5,elec_Region20Guangxi,18154.51148,4.147693955,55677.52873,150.3704823,0.3,coal_Region20Guangxi
ThermalPower,Region21Hainan_1000MW_super,FALSE,TRUE,TRUE,TRUE,TRUE,TRUE,TRUE,Electricity,TRUE,TRUE,TRUE,Coal,FALSE,co2_sink,TRUE,CO2,FALSE,TRUE,Coal,TRUE,TRUE,200,0,0.373843528,0.344836906,12,12,0.6,0.6,0.5,elec_Region21Hainan,18154.51148,4.147693955,55677.52873,150.3704823,0.3,coal_Region21Hainan
ThermalPower,Region22Chongqing_1000MW_super,FALSE,TRUE,TRUE,TRUE,TRUE,TRUE,TRUE,Electricity,TRUE,TRUE,TRUE,Coal,FALSE,co2_sink,TRUE,CO2,FALSE,TRUE,Coal,TRUE,TRUE,200,2640,0.405772625,0.345959997,12,12,0.6,0.6,0.5,elec_Region22Chongqing,18154.51148,4.147693955,55677.52873,150.3704823,0.3,coal_Region22Chongqing
ThermalPower,Region23Sichuan_1000MW_super,FALSE,TRUE,TRUE,TRUE,TRUE,TRUE,TRUE,Electricity,TRUE,TRUE,TRUE,Coal,FALSE,co2_sink,TRUE,CO2,FALSE,TRUE,Coal,TRUE,TRUE,200,0,0.373843528,0.344836906,12,12,0.6,0.6,0.5,elec_Region23Sichuan,18154.51148,4.147693955,55677.52873,150.3704823,0.3,coal_Region23Sichuan
ThermalPower,Region24Guizhou_1000MW_super,FALSE,TRUE,TRUE,TRUE,TRUE,TRUE,TRUE,Electricity,TRUE,TRUE,TRUE,Coal,FALSE,co2_sink,TRUE,CO2,FALSE,TRUE,Coal,TRUE,TRUE,200,9980,0.400433511,0.345239997,12,12,0.6,0.6,0.5,elec_Region24Guizhou,18154.51148,4.147693955,55677.52873,150.3704823,0.3,coal_Region24Guizhou
ThermalPower,Region25Yunnan_1000MW_super,FALSE,TRUE,TRUE,TRUE,TRUE,TRUE,TRUE,Electricity,TRUE,TRUE,TRUE,Coal,FALSE,co2_sink,TRUE,CO2,FALSE,TRUE,Coal,TRUE,TRUE,200,0,0.373843528,0.344836906,12,12,0.6,0.6,0.5,elec_Region25Yunnan,18154.51148,4.147693955,55677.52873,150.3704823,0.3,coal_Region25Yunnan
ThermalPower,Region26Tibet_1000MW_super,FALSE,TRUE,TRUE,TRUE,TRUE,TRUE,TRUE,Electricity,TRUE,TRUE,TRUE,Coal,FALSE,co2_sink,TRUE,CO2,FALSE,TRUE,Coal,TRUE,TRUE,200,0,0.373843528,0.344836906,12,12,0.6,0.6,0.5,elec_Region26Tibet,18154.51148,4.147693955,55677.52873,150.3704823,0.3,coal_Region26Tibet
ThermalPower,Region27Shaanxi_1000MW_super,FALSE,TRUE,TRUE,TRUE,TRUE,TRUE,TRUE,Electricity,TRUE,TRUE,TRUE,Coal,FALSE,co2_sink,TRUE,CO2,FALSE,TRUE,Coal,TRUE,TRUE,200,3900,0.380411836,0.345959997,12,12,0.6,0.6,0.5,elec_Region27Shaanxi,18154.51148,4.147693955,55677.52873,150.3704823,0.3,coal_Region27Shaanxi
ThermalPower,Region28Gansu_1000MW_super,FALSE,TRUE,TRUE,TRUE,TRUE,TRUE,TRUE,Electricity,TRUE,TRUE,TRUE,Coal,FALSE,co2_sink,TRUE,CO2,FALSE,TRUE,Coal,TRUE,TRUE,200,2640,0.368884204,0.345959997,12,12,0.6,0.6,0.5,elec_Region28Gansu,18154.51148,4.147693955,55677.52873,150.3704823,0.3,coal_Region28Gansu
ThermalPower,Region29Qinghai_1000MW_super,FALSE,TRUE,TRUE,TRUE,TRUE,TRUE,TRUE,Electricity,TRUE,TRUE,TRUE,Coal,FALSE,co2_sink,TRUE,CO2,FALSE,TRUE,Coal,TRUE,TRUE,200,0,0.373843528,0.344836906,12,12,0.6,0.6,0.5,elec_Region29Qinghai,18154.51148,4.147693955,55677.52873,150.3704823,0.3,coal_Region29Qinghai
ThermalPower,Region30Ningxia_1000MW_super,FALSE,TRUE,TRUE,TRUE,TRUE,TRUE,TRUE,Electricity,TRUE,TRUE,TRUE,Coal,FALSE,co2_sink,TRUE,CO2,FALSE,TRUE,Coal,TRUE,TRUE,200,1320,0.368884204,0.340559997,12,12,0.6,0.6,0.5,elec_Region30Ningxia,18154.51148,4.147693955,55677.52873,150.3704823,0.3,coal_Region30Ningxia
ThermalPower,Region31Xinjiang_1000MW_super,FALSE,TRUE,TRUE,TRUE,TRUE,TRUE,TRUE,Electricity,TRUE,TRUE,TRUE,Coal,FALSE,co2_sink,TRUE,CO2,FALSE,TRUE,Coal,TRUE,TRUE,200,5280,0.395875731,0.345959997,12,12,0.6,0.6,0.5,elec_Region31Xinjiang,18154.51148,4.147693955,55677.52873,150.3704823,0.3,coal_Region31Xinjiang
ThermalPower,Region1Beijing_1000MW_ultra,FALSE,TRUE,TRUE,TRUE,TRUE,TRUE,TRUE,Electricity,TRUE,TRUE,TRUE,Coal,FALSE,co2_sink,TRUE,CO2,FALSE,TRUE,Coal,TRUE,TRUE,200,0,0.404629067,0.344980729,12,12,0.6,0.6,0.5,elec_Region1Beijing,18154.51148,3.839263796,43648.8138,150.3704823,0.25,coal_Region1Beijing
ThermalPower,Region2Tianjin_1000MW_ultra,FALSE,TRUE,TRUE,TRUE,TRUE,TRUE,TRUE,Electricity,TRUE,TRUE,TRUE,Coal,FALSE,co2_sink,TRUE,CO2,FALSE,TRUE,Coal,TRUE,TRUE,200,5320,0.399186763,0.345959997,12,12,0.6,0.6,0.5,elec_Region2Tianjin,18154.51148,3.839263796,43648.8138,150.3704823,0.25,coal_Region2Tianjin
ThermalPower,Region3Hebei_1000MW_ultra,FALSE,TRUE,TRUE,TRUE,TRUE,TRUE,TRUE,Electricity,TRUE,TRUE,TRUE,Coal,FALSE,co2_sink,TRUE,CO2,FALSE,TRUE,Coal,TRUE,TRUE,200,7940,0.412492988,0.343014543,12,12,0.6,0.6,0.5,elec_Region3Hebei,18154.51148,3.839263796,43648.8138,150.3704823,0.25,coal_Region3Hebei
ThermalPower,Region4Shanxi_1000MW_ultra,FALSE,TRUE,TRUE,TRUE,TRUE,TRUE,TRUE,Electricity,TRUE,TRUE,TRUE,Coal,FALSE,co2_sink,TRUE,CO2,FALSE,TRUE,Coal,TRUE,TRUE,200,11222,0.406683228,0.342102854,12,12,0.6,0.6,0.5,elec_Region4Shanxi,18154.51148,3.839263796,43648.8138,150.3704823,0.25,coal_Region4Shanxi
ThermalPower,Region5Innermongolia_1000MW_ultra,FALSE,TRUE,TRUE,TRUE,TRUE,TRUE,TRUE,Electricity,TRUE,TRUE,TRUE,Coal,FALSE,co2_sink,TRUE,CO2,FALSE,TRUE,Coal,TRUE,TRUE,200,39100,0.410881688,0.348197644,12,12,0.6,0.6,0.5,elec_Region5Innermongolia,18154.51148,3.839263796,43648.8138,150.3704823,0.25,coal_Region5Innermongolia
ThermalPower,Region6Liaoning_1000MW_ultra,FALSE,TRUE,TRUE,TRUE,TRUE,TRUE,TRUE,Electricity,TRUE,TRUE,TRUE,Coal,FALSE,co2_sink,TRUE,CO2,FALSE,TRUE,Coal,TRUE,TRUE,200,3320,0.392850465,0.343259997,12,12,0.6,0.6,0.5,elec_Region6Liaoning,18154.51148,3.839263796,43648.8138,150.3704823,0.25,coal_Region6Liaoning
ThermalPower,Region7Jilin_1000MW_ultra,FALSE,TRUE,TRUE,TRUE,TRUE,TRUE,TRUE,Electricity,TRUE,TRUE,TRUE,Coal,FALSE,co2_sink,TRUE,CO2,FALSE,TRUE,Coal,TRUE,TRUE,200,0,0.404629067,0.344980729,12,12,0.6,0.6,0.5,elec_Region7Jilin,18154.51148,3.839263796,43648.8138,150.3704823,0.25,coal_Region7Jilin
ThermalPower,Region8Heilongjiang_1000MW_ultra,FALSE,TRUE,TRUE,TRUE,TRUE,TRUE,TRUE,Electricity,TRUE,TRUE,TRUE,Coal,FALSE,co2_sink,TRUE,CO2,FALSE,TRUE,Coal,TRUE,TRUE,200,1320,0.412492988,0.345959997,12,12,0.6,0.6,0.5,elec_Region8Heilongjiang,18154.51148,3.839263796,43648.8138,150.3704823,0.25,coal_Region8Heilongjiang
ThermalPower,Region9Shanghai_1000MW_ultra,FALSE,TRUE,TRUE,TRUE,TRUE,TRUE,TRUE,Electricity,TRUE,TRUE,TRUE,Coal,FALSE,co2_sink,TRUE,CO2,FALSE,TRUE,Coal,TRUE,TRUE,200,7920,0.389144329,0.342719997,12,12,0.6,0.6,0.5,elec_Region9Shanghai,18154.51148,3.839263796,43648.8138,150.3704823,0.25,coal_Region9Shanghai
ThermalPower,Region10Jiangsu_1000MW_ultra,FALSE,TRUE,TRUE,TRUE,TRUE,TRUE,TRUE,Electricity,TRUE,TRUE,TRUE,Coal,FALSE,co2_sink,TRUE,CO2,FALSE,TRUE,Coal,TRUE,TRUE,200,45620,0.390299488,0.343101174,12,12,0.6,0.6,0.5,elec_Region10Jiangsu,18154.51148,3.839263796,43648.8138,150.3704823,0.25,coal_Region10Jiangsu
ThermalPower,Region11Zhejiang_1000MW_ultra,FALSE,TRUE,TRUE,TRUE,TRUE,TRUE,TRUE,Electricity,TRUE,TRUE,TRUE,Coal,FALSE,co2_sink,TRUE,CO2,FALSE,TRUE,Coal,TRUE,TRUE,200,31900,0.394460508,0.341331426,12,12,0.6,0.6,0.5,elec_Region11Zhejiang,18154.51148,3.839263796,43648.8138,150.3704823,0.25,coal_Region11Zhejiang
ThermalPower,Region12Anhui_1000MW_ultra,FALSE,TRUE,TRUE,TRUE,TRUE,TRUE,TRUE,Electricity,TRUE,TRUE,TRUE,Coal,FALSE,co2_sink,TRUE,CO2,FALSE,TRUE,Coal,TRUE,TRUE,200,31780,0.398269092,0.343002854,12,12,0.6,0.6,0.5,elec_Region12Anhui,18154.51148,3.839263796,43648.8138,150.3704823,0.25,coal_Region12Anhui
ThermalPower,Region13Fujian_1000MW_ultra,FALSE,TRUE,TRUE,TRUE,TRUE,TRUE,TRUE,Electricity,TRUE,TRUE,TRUE,Coal,FALSE,co2_sink,TRUE,CO2,FALSE,TRUE,Coal,TRUE,TRUE,200,11280,0.406683228,0.343645712,12,12,0.6,0.6,0.5,elec_Region13Fujian,18154.51148,3.839263796,43648.8138,150.3704823,0.25,coal_Region13Fujian
ThermalPower,Region14Jiangxi_1000MW_ultra,FALSE,TRUE,TRUE,TRUE,TRUE,TRUE,TRUE,Electricity,TRUE,TRUE,TRUE,Coal,FALSE,co2_sink,TRUE,CO2,FALSE,TRUE,Coal,TRUE,TRUE,200,23868,0.402432184,0.344802854,12,12,0.6,0.6,0.5,elec_Region14Jiangxi,18154.51148,3.839263796,43648.8138,150.3704823,0.25,coal_Region14Jiangxi
ThermalPower,Region15Shandong_1000MW_ultra,FALSE,TRUE,TRUE,TRUE,TRUE,TRUE,TRUE,Electricity,TRUE,TRUE,TRUE,Coal,FALSE,co2_sink,TRUE,CO2,FALSE,TRUE,Coal,TRUE,TRUE,200,34090,0.406683228,0.344279997,12,12,0.6,0.6,0.5,elec_Region15Shandong,18154.51148,3.839263796,43648.8138,150.3704823,0.25,coal_Region15Shandong
ThermalPower,Region16Henan_1000MW_ultra,FALSE,TRUE,TRUE,TRUE,TRUE,TRUE,TRUE,Electricity,TRUE,TRUE,TRUE,Coal,FALSE,co2_sink,TRUE,CO2,FALSE,TRUE,Coal,TRUE,TRUE,200,25320,0.396389659,0.344924997,12,12,0.6,0.6,0.5,elec_Region16Henan,18154.51148,3.839263796,43648.8138,150.3704823,0.25,coal_Region16Henan
ThermalPower,Region17Hubei_1000MW_ultra,FALSE,TRUE,TRUE,TRUE,TRUE,TRUE,TRUE,Electricity,TRUE,TRUE,TRUE,Coal,FALSE,co2_sink,TRUE,CO2,FALSE,TRUE,Coal,TRUE,TRUE,200,16320,0.401916245,0.344823155,12,12,0.6,0.6,0.5,elec_Region17Hubei,18154.51148,3.839263796,43648.8138,150.3704823,0.25,coal_Region17Hubei
ThermalPower,Region18Hunan_1000MW_ultra,FALSE,TRUE,TRUE,TRUE,TRUE,TRUE,TRUE,Electricity,TRUE,TRUE,TRUE,Coal,FALSE,co2_sink,TRUE,CO2,FALSE,TRUE,Coal,TRUE,TRUE,200,8120,0.412492988,0.344159997,12,12,0.6,0.6,0.5,elec_Region18Hunan,18154.51148,3.839263796,43648.8138,150.3704823,0.25,coal_Region18Hunan
ThermalPower,Region19Guangdong_1000MW_ultra,FALSE,TRUE,TRUE,TRUE,TRUE,TRUE,TRUE,Electricity,TRUE,TRUE,TRUE,Coal,FALSE,co2_sink,TRUE,CO2,FALSE,TRUE,Coal,TRUE,TRUE,200,58468.2,0.400669941,0.343923932,12,12,0.6,0.6,0.5,elec_Region19Guangdong,18154.51148,3.839263796,43648.8138,150.3704823,0.25,coal_Region19Guangdong
ThermalPower,Region20Guangxi_1000MW_ultra,FALSE,TRUE,TRUE,TRUE,TRUE,TRUE,TRUE,Electricity,TRUE,TRUE,TRUE,Coal,FALSE,co2_sink,TRUE,CO2,FALSE,TRUE,Coal,TRUE,TRUE,200,16110,0.408408899,0.343259997,12,12,0.6,0.6,0.5,elec_Region20Guangxi,18154.51148,3.839263796,43648.8138,150.3704823,0.25,coal_Region20Guangxi
ThermalPower,Region21Hainan_1000MW_ultra,FALSE,TRUE,TRUE,TRUE,TRUE,TRUE,TRUE,Electricity,TRUE,TRUE,TRUE,Coal,FALSE,co2_sink,TRUE,CO2,FALSE,TRUE,Coal,TRUE,TRUE,200,0,0.404629067,0.344980729,12,12,0.6,0.6,0.5,elec_Region21Hainan,18154.51148,3.839263796,43648.8138,150.3704823,0.25,coal_Region21Hainan
ThermalPower,Region22Chongqing_1000MW_ultra,FALSE,TRUE,TRUE,TRUE,TRUE,TRUE,TRUE,Electricity,TRUE,TRUE,TRUE,Coal,FALSE,co2_sink,TRUE,CO2,FALSE,TRUE,Coal,TRUE,TRUE,200,3320,0.392850465,0.343259997,12,12,0.6,0.6,0.5,elec_Region22Chongqing,18154.51148,3.839263796,43648.8138,150.3704823,0.25,coal_Region22Chongqing
ThermalPower,Region23Sichuan_1000MW_ultra,FALSE,TRUE,TRUE,TRUE,TRUE,TRUE,TRUE,Electricity,TRUE,TRUE,TRUE,Coal,FALSE,co2_sink,TRUE,CO2,FALSE,TRUE,Coal,TRUE,TRUE,200,3000,0.412492988,0.345959997,12,12,0.6,0.6,0.5,elec_Region23Sichuan,18154.51148,3.839263796,43648.8138,150.3704823,0.25,coal_Region23Sichuan
ThermalPower,Region24Guizhou_1000MW_ultra,FALSE,TRUE,TRUE,TRUE,TRUE,TRUE,TRUE,Electricity,TRUE,TRUE,TRUE,Coal,FALSE,co2_sink,TRUE,CO2,FALSE,TRUE,Coal,TRUE,TRUE,200,7920,0.412492988,0.347279997,12,12,0.6,0.6,0.5,elec_Region24Guizhou,18154.51148,3.839263796,43648.8138,150.3704823,0.25,coal_Region24Guizhou
ThermalPower,Region25Yunnan_1000MW_ultra,FALSE,TRUE,TRUE,TRUE,TRUE,TRUE,TRUE,Electricity,TRUE,TRUE,TRUE,Coal,FALSE,co2_sink,TRUE,CO2,FALSE,TRUE,Coal,TRUE,TRUE,200,700,0.412492988,0.363599997,12,12,0.6,0.6,0.5,elec_Region25Yunnan,18154.51148,3.839263796,43648.8138,150.3704823,0.25,coal_Region25Yunnan
ThermalPower,Region26Tibet_1000MW_ultra,FALSE,TRUE,TRUE,TRUE,TRUE,TRUE,TRUE,Electricity,TRUE,TRUE,TRUE,Coal,FALSE,co2_sink,TRUE,CO2,FALSE,TRUE,Coal,TRUE,TRUE,200,0,0.404629067,0.344980729,12,12,0.6,0.6,0.5,elec_Region26Tibet,18154.51148,3.839263796,43648.8138,150.3704823,0.25,coal_Region26Tibet
ThermalPower,Region27Shaanxi_1000MW_ultra,FALSE,TRUE,TRUE,TRUE,TRUE,TRUE,TRUE,Electricity,TRUE,TRUE,TRUE,Coal,FALSE,co2_sink,TRUE,CO2,FALSE,TRUE,Coal,TRUE,TRUE,200,23220,0.412492988,0.344656549,12,12,0.6,0.6,0.5,elec_Region27Shaanxi,18154.51148,3.839263796,43648.8138,150.3704823,0.25,coal_Region27Shaanxi
ThermalPower,Region28Gansu_1000MW_ultra,FALSE,TRUE,TRUE,TRUE,TRUE,TRUE,TRUE,Electricity,TRUE,TRUE,TRUE,Coal,FALSE,co2_sink,TRUE,CO2,FALSE,TRUE,Coal,TRUE,TRUE,200,10000,0.412492988,0.343799997,12,12,0.6,0.6,0.5,elec_Region28Gansu,18154.51148,3.839263796,43648.8138,150.3704823,0.25,coal_Region28Gansu
ThermalPower,Region29Qinghai_1000MW_ultra,FALSE,TRUE,TRUE,TRUE,TRUE,TRUE,TRUE,Electricity,TRUE,TRUE,TRUE,Coal,FALSE,co2_sink,TRUE,CO2,FALSE,TRUE,Coal,TRUE,TRUE,200,4620,0.412492988,0.343645712,12,12,0.6,0.6,0.5,elec_Region29Qinghai,18154.51148,3.839263796,43648.8138,150.3704823,0.25,coal_Region29Qinghai
ThermalPower,Region30Ningxia_1000MW_ultra,FALSE,TRUE,TRUE,TRUE,TRUE,TRUE,TRUE,Electricity,TRUE,TRUE,TRUE,Coal,FALSE,co2_sink,TRUE,CO2,FALSE,TRUE,Coal,TRUE,TRUE,200,13580,0.407696558,0.343418821,12,12,0.6,0.6,0.5,elec_Region30Ningxia,18154.51148,3.839263796,43648.8138,150.3704823,0.25,coal_Region30Ningxia
ThermalPower,Region31Xinjiang_1000MW_ultra,FALSE,TRUE,TRUE,TRUE,TRUE,TRUE,TRUE,Electricity,TRUE,TRUE,TRUE,Coal,FALSE,co2_sink,TRUE,CO2,FALSE,TRUE,Coal,TRUE,TRUE,200,22000,0.411207964,0.346387497,12,12,0.6,0.6,0.5,elec_Region31Xinjiang,18154.51148,3.839263796,43648.8138,150.3704823,0.25,coal_Region31Xinjiang
